nome_canonico,n_como_orientador,n_como_autor,ano_primeira_aparicao,ano_ultima_aparicao,foi_orientando_no_corpus,foi_orientador_no_corpus
Ricardo Marcelo Fonseca,19,1,1998,2024,TRUE,TRUE
Alfredo de Jesus Dal Molin Flores,17,0,2013,2023,FALSE,TRUE
Cristiano Otavio Paixão Araujo Pinto,14,0,2009,2024,FALSE,TRUE
Luís Fernando Lopes Pereira,13,0,2011,2024,FALSE,TRUE
Diego Nunes,11,0,2018,2024,FALSE,TRUE
Airton Lisle Cerqueira Leite Seelaender,10,0,2013,2024,FALSE,TRUE
Jose Reinaldo de Lima Lopes,10,0,2005,2023,FALSE,TRUE
Samuel Rodrigues Barbosa,10,0,2013,2024,FALSE,TRUE
Nilo Batista,8,0,2002,2019,FALSE,TRUE
Walter Guandalini Junior,7,0,2018,2024,FALSE,TRUE
Arno Dal Ri Júnior,6,0,2009,2021,FALSE,TRUE
Gustavo Cesar Machado Cabral,6,0,2018,2024,FALSE,TRUE
Gustavo Silveira Siqueira,6,2,2009,2023,TRUE,TRUE
Menelick de Carvalho Netto,6,0,2001,2024,FALSE,TRUE
Ricardo Sontag,6,1,2009,2023,TRUE,TRUE
Giordano Bruno Soares Roberto,5,0,2012,2023,FALSE,TRUE
Rafael Lamera Giesta Cabral,5,1,2016,2024,TRUE,TRUE
Arno Wehling,4,0,2002,2022,FALSE,TRUE
Eduardo Tomasevicius Filho,4,0,2015,2023,FALSE,TRUE
Ela Wiecko Volkmer de Castilho,4,0,2001,2022,FALSE,TRUE
Evandro Charles Piza Duarte,4,0,2017,2024,FALSE,TRUE
George Rodrigo Bandeira Galindo,4,0,2014,2024,FALSE,TRUE
Gilberto Bercovici,4,0,2010,2020,FALSE,TRUE
Hélcio Maciel França Madeira,4,0,2008,2020,FALSE,TRUE
Ignácio Maria Poveda Velasco,4,0,2009,2020,FALSE,TRUE
Marcelo Andrade Cattoni de Oliveira,4,0,2010,2016,FALSE,TRUE
Raphael Peixoto de Paula Marques,4,2,2011,2024,TRUE,TRUE
Sergio Luiz Souza Araujo,4,0,2011,2017,FALSE,TRUE
Vera Regina Pereira de Andrade,4,0,1998,2016,FALSE,TRUE
Adriana Pereira Campos,3,0,2020,2023,FALSE,TRUE
Adriano Pilatti,3,0,2012,2022,FALSE,TRUE
Antonio Carlos Wolkmer,3,0,2003,2014,FALSE,TRUE
Caetano Dias Correa,3,0,2021,2023,FALSE,TRUE
Cezar Saldanha Souza Junior,3,0,2013,2014,FALSE,TRUE
Daniela Muradas Antunes,3,0,2016,2023,FALSE,TRUE
Joaquim Carlos Salgado,3,0,2001,2024,FALSE,TRUE
Jorge Luiz Souto Maior,3,0,2020,2024,FALSE,TRUE
Jose Eduardo Campos de Oliveira Faria,3,0,2016,2018,FALSE,TRUE
José Luiz Borges Horta,3,0,2012,2020,FALSE,TRUE
Karine Salgado,3,0,2018,2023,FALSE,TRUE
Mara Regina de Oliveira,3,0,2018,2023,FALSE,TRUE
Vera Malaguti de Souza Weglinski Batista,3,0,2003,2020,FALSE,TRUE
Alexander Rodrigues de Castro,2,0,2021,2023,FALSE,TRUE
Ari Marcelo Solon,2,0,2019,2020,FALSE,TRUE
Bethania de Albuquerque Assy,2,0,2016,2018,FALSE,TRUE
Carlos Eduardo de Abreu Boucault,2,0,2006,2017,FALSE,TRUE
Gustavo Raposo Pereira Feitosa,2,0,2012,2015,FALSE,TRUE
Jeanine Nicolazzi Philippi,2,0,2017,2018,FALSE,TRUE
Joao Mauricio Leitao Adeodato,2,0,2002,2013,FALSE,TRUE
Jose Aurivaldo Sacchetta Ramos Mendes,2,0,2018,2018,FALSE,TRUE
Juliano Zaiden Benvindo,2,0,2020,2022,FALSE,TRUE
Lenio Luiz Streck,2,0,2018,2023,FALSE,TRUE
Maiquel Angelo Dezordi Wermuth,2,0,2017,2024,FALSE,TRUE
Marcelo Casseb Continentino,2,1,2014,2022,TRUE,TRUE
Marcelo da Costa Pinto Neves,2,0,2016,2024,FALSE,TRUE
Maria Cristina da Silva Carmignani,2,0,2018,2023,FALSE,TRUE
Mauricio de Albuquerque Rocha,2,0,2019,2023,FALSE,TRUE
Paulo Emílio Vauthier Borges de Macedo,2,1,2007,2022,TRUE,TRUE
Sayonara Grillo Coutinho Leonardo da Silva,2,0,2018,2022,FALSE,TRUE
Torquato da Silva Castro Junior,2,0,2013,2015,FALSE,TRUE
Valquiria Elita Renk,2,0,2020,2021,FALSE,TRUE
Adamo Dias Alves,1,2,2010,2022,TRUE,TRUE
Afrânio Silva Jardim,1,0,2000,2000,FALSE,TRUE
Alberto Nogueira,1,0,2002,2002,FALSE,TRUE
Alessandra Rapacci Mascarenhas Prado,1,0,2024,2024,FALSE,TRUE
Alexandre Bernardino Costa,1,0,2017,2017,FALSE,TRUE
Alexandre Ronaldo da Maia de Farias,1,0,2015,2015,FALSE,TRUE
Aloízio Gonzaga de Andrade Araújo,1,0,2009,2009,FALSE,TRUE
Alvaro Luiz Travassos de Azevedo Gonzaga,1,0,2018,2018,FALSE,TRUE
Alvaro Ricardo de Souza Cruz,1,0,2022,2022,FALSE,TRUE
Alysson Leandro Barbate Mascaro,1,0,2013,2013,FALSE,TRUE
Ana Elisa Liberatore Silva Bechara,1,0,2020,2020,FALSE,TRUE
Ana Elisa Spaolonzi Queiroz Assis,1,0,2020,2020,FALSE,TRUE
Anderson Vichinkeski Teixeira,1,0,2019,2019,FALSE,TRUE
Andityas Soares de Moura Costa Matos,1,0,2016,2016,FALSE,TRUE
Andre Filipe Pereira Reid dos Santos,1,0,2021,2021,FALSE,TRUE
Andre Karam Trindade,1,0,2019,2019,FALSE,TRUE
Andre Parmo Folloni,1,0,2019,2019,FALSE,TRUE
Andre Peixoto de Souza,1,1,2010,2018,TRUE,TRUE
Andre de Carvalho Ramos,1,0,2022,2022,FALSE,TRUE
Antonio Gomes Moreira Maués,1,0,2004,2004,FALSE,TRUE
Antonio Henrique Graciano Suxberger,1,0,2017,2017,FALSE,TRUE
Antonio Manuel Botelho Hespanha,1,0,2018,2018,FALSE,TRUE
Antônio Celso Alves Pereira,1,0,2007,2007,FALSE,TRUE
Antônio de Moura Borges,1,0,2011,2011,FALSE,TRUE
Argemiro Cardoso Moreira Martins,1,0,2024,2024,FALSE,TRUE
Ari Possidonio Beltran,1,0,2015,2015,FALSE,TRUE
Arnaldo Sampaio de Moraes Godoy,1,0,2023,2023,FALSE,TRUE
Arthur José Almeida Diniz,1,0,2011,2011,FALSE,TRUE
Bartira Macedo de Miranda Santos,1,0,2017,2017,FALSE,TRUE
Bernardo Goncalves Alfredo Fernandes,1,0,2020,2020,FALSE,TRUE
Bruno Wanderley Junior,1,0,2019,2019,FALSE,TRUE
Camila Cardoso de Mello Prando,1,1,2012,2024,TRUE,TRUE
Camila Villard Duran,1,0,2024,2024,FALSE,TRUE
Carlos Augusto Canêdo Gonçalves da Silva,1,0,2003,2003,FALSE,TRUE
Carlos Klein Zanini,1,0,2011,2011,FALSE,TRUE
Cassio Luis Casagrande,1,0,2019,2019,FALSE,TRUE
Celso Fernandes Campilongo,1,0,2013,2013,FALSE,TRUE
Christian Edward Cyril Lynch,1,0,2015,2015,FALSE,TRUE
Cicero Krupp da Luz,1,0,2021,2021,FALSE,TRUE
Clara Maria Roman Borges,1,0,2018,2018,FALSE,TRUE
Cláudio de Cicco,1,0,2012,2012,FALSE,TRUE
Cynthia Soares Carneiro,1,0,2023,2023,FALSE,TRUE
César Augusto de Castro Fiuza,1,0,2006,2006,FALSE,TRUE
Daniel Machado Gomes,1,0,2023,2023,FALSE,TRUE
Daniela de Freitas Marques,1,0,2014,2014,FALSE,TRUE
Davi de Paiva Costa Tangerino,1,0,2016,2016,FALSE,TRUE
Douglas Antonio Rocha Pinheiro,1,0,2022,2022,FALSE,TRUE
Eduardo Manuel Val,1,0,2018,2018,FALSE,TRUE
Eduardo Ramalho Rabenhorst,1,0,2015,2015,FALSE,TRUE
Elcemir Paco Cunha,1,0,2017,2017,FALSE,TRUE
Elival da Silva Ramos,1,0,2012,2012,FALSE,TRUE
Ester Kosovski,1,0,1999,1999,FALSE,TRUE
Eunice Aparecida de Jesus Prudente,1,0,2022,2022,FALSE,TRUE
Everaldo Tadeu Quilici Gonzalez,1,0,2003,2003,FALSE,TRUE
Fabio Perin Shecaira,1,0,2020,2020,FALSE,TRUE
Fabio Roque da Silva Araujo,1,0,2024,2024,FALSE,TRUE
Felipe Chiarello de Souza Pinto,1,0,2014,2014,FALSE,TRUE
Flavio Roberto Batista,1,0,2017,2017,FALSE,TRUE
Florian Fabian Hoffmann,1,0,2022,2022,FALSE,TRUE
Francisco Paulo de Crescenzo Marino,1,0,2016,2016,FALSE,TRUE
Francisco de Guimaraens,1,0,2022,2022,FALSE,TRUE
Fredie Souza Didier Junior,1,0,2014,2014,FALSE,TRUE
Fábio Correa Souza de Oliveira,1,0,2020,2020,FALSE,TRUE
Geraldo Miniuci Ferreira Junior,1,0,2017,2017,FALSE,TRUE
Glauco Barreira Magalhaes Filho,1,0,2018,2018,FALSE,TRUE
Guido Fernando Silva Soares,1,0,1994,1994,FALSE,TRUE
Gustavo Seferian Scheffer Machado,1,0,2023,2023,FALSE,TRUE
Gustavo Senachal de Goffredo,1,0,2011,2011,FALSE,TRUE
Jaime Barreiros Neto,1,0,2023,2023,FALSE,TRUE
Jane Felipe Beltrao,1,0,2021,2021,FALSE,TRUE
Jane Reis Goncalves Pereira,1,0,2020,2020,FALSE,TRUE
Jean Francois Yves Deluchey,1,0,2024,2024,FALSE,TRUE
Jeannette Antonios Maman,1,0,2007,2007,FALSE,TRUE
Jose Carlos Dias Castro,1,0,2003,2003,FALSE,TRUE
Jose Ernesto Pimentel Filho,1,0,2023,2023,FALSE,TRUE
Jose Heder Benatti,1,0,2023,2023,FALSE,TRUE
Jose Maria Arruda de Andrade,1,0,2016,2016,FALSE,TRUE
Jose Maria Gomez,1,0,2017,2017,FALSE,TRUE
Jose Ricardo Ferreira Cunha,1,0,2021,2021,FALSE,TRUE
Jose Rogerio Cruz e Tucci,1,0,1994,1994,FALSE,TRUE
José Antônio Peres Gediel,1,0,2006,2006,FALSE,TRUE
José Rossini Campos do Couto Corrêa,1,0,2005,2005,FALSE,TRUE
Judith Hofmeister Martins-Costa,1,0,2001,2001,FALSE,TRUE
Juliana Neuenschwander Magalhaes,1,0,2022,2022,FALSE,TRUE
Karyna Batista Sposato,1,0,2021,2021,FALSE,TRUE
Leticia Albuquerque,1,0,2022,2022,FALSE,TRUE
Liane Francisca Huning Pazinato,1,0,2019,2019,FALSE,TRUE
Livia Mendes Moreira Miraglia,1,0,2021,2021,FALSE,TRUE
Luis Fernando Massonetto,1,0,2016,2016,FALSE,TRUE
Luiz Antonio Rizzatto Nunes,1,0,1997,1997,FALSE,TRUE
Luiz Fernando Coelho,1,0,1998,1998,FALSE,TRUE
Luís Virgílio Afonso da Silva,1,0,2010,2010,FALSE,TRUE
Manoel Goncalves Ferreira Filho,1,0,2014,2014,FALSE,TRUE
Marcelo Campos Galuppo,1,0,2002,2002,FALSE,TRUE
Marcelo Maciel Ramos,1,0,2016,2016,FALSE,TRUE
Marcio Alves da Fonseca,1,0,2021,2021,FALSE,TRUE
Marco Aurelio Marrafon,1,0,2023,2023,FALSE,TRUE
Marcos Alcino de Azevedo Torres,1,0,2012,2012,FALSE,TRUE
Marcus Fabiano Goncalves da Silva,1,0,2022,2022,FALSE,TRUE
Marcus Orione Goncalves Correia,1,0,2017,2017,FALSE,TRUE
Maria Amália de Figueiredo Pereira Alvarenga,1,0,2001,2001,FALSE,TRUE
Maria Helena Diniz,1,0,2003,2003,FALSE,TRUE
Maria Pia dos Santos Lima Guerra Dalledone,1,0,2023,2023,FALSE,TRUE
Maria Vital da Rocha,1,0,2020,2020,FALSE,TRUE
Marilia Montenegro Pessoa de Mello,1,0,2022,2022,FALSE,TRUE
Martonio Mont Alverne Barreto Lima,1,0,2024,2024,FALSE,TRUE
Mauricio Dalri Timm do Valle,1,0,2024,2024,FALSE,TRUE
Michel Zaidan Filho,1,0,2021,2021,FALSE,TRUE
Miracy Barbosa de Sousa Gustin,1,0,2013,2013,FALSE,TRUE
Mirta Gladys Lerena Manzo de Misailidis,1,0,2019,2019,FALSE,TRUE
Monica Paraguassu Correia da Silva,1,0,2023,2023,FALSE,TRUE
Monica Sette Lopes,1,0,2015,2015,FALSE,TRUE
Newton de Menezes Albuquerque,1,0,2006,2006,FALSE,TRUE
Orlando Villas Boas Filho,1,0,2022,2022,FALSE,TRUE
Oscar Vilhena Vieira,1,0,2020,2020,FALSE,TRUE
Paulo Bonavides,1,0,2003,2003,FALSE,TRUE
Paulo Borba Casella,1,0,2013,2013,FALSE,TRUE
Paulo Eduardo Vieira de Oliveira,1,0,2023,2023,FALSE,TRUE
Paulo Jorge Fonseca Ferreira da Cunha,1,0,2017,2017,FALSE,TRUE
Pedro Buck Avelino,1,0,2024,2024,FALSE,TRUE
Pedro Paulo Teixeira Manus,1,0,2006,2006,FALSE,TRUE
Rafael Lazzarotto Simioni,1,0,2022,2022,FALSE,TRUE
Rafael Peteffi da Silva,1,0,2019,2019,FALSE,TRUE
Raffaele de Giorgi,1,0,2016,2016,FALSE,TRUE
Ricardo Antonio Lucas Camargo,1,0,2024,2024,FALSE,TRUE
Ricardo Nery Falbo,1,0,2020,2020,FALSE,TRUE
Ronaldo Porto Macedo Júnior,1,0,2011,2011,FALSE,TRUE
Rosendo Freitas de Amorim,1,0,2005,2005,FALSE,TRUE
Ruth Maria Chittó Gauer,1,0,2001,2001,FALSE,TRUE
Sandro Alex de Souza Simões,1,1,2004,2023,TRUE,TRUE
Sérgio Said Staut Junior,1,1,2009,2020,TRUE,TRUE
Tercio Sampaio Ferraz Junior,1,0,1999,1999,FALSE,TRUE
Venceslau Tavares Costa Filho,1,1,2013,2019,TRUE,TRUE
Vinício Carrilho Martinez,1,0,2005,2005,FALSE,TRUE
Wellington Lourenco de Almeida,1,0,2024,2024,FALSE,TRUE
Wilson Ramos Filho,1,0,2015,2015,FALSE,TRUE
Adailton Pires Costa,0,2,2013,2018,TRUE,FALSE
Adriana Lindaura Rocha Ferraz de Oliveira,0,1,2019,2019,TRUE,FALSE
Adriana Nogueira Barbosa,0,1,2023,2023,TRUE,FALSE
Adriana Vidal de Oliveira,0,1,2012,2012,TRUE,FALSE
Afonso Roberto Mendes Belarmino,0,1,2019,2019,TRUE,FALSE
Airton Ribeiro da Silva Junior,0,1,2015,2015,TRUE,FALSE
Alana Lima de Oliveira,0,1,2015,2015,TRUE,FALSE
Alberto Lunardelli Caldeira,0,1,2017,2017,TRUE,FALSE
Aldenir Francisco Wicher,0,1,2019,2019,TRUE,FALSE
Alessandra da Gama Malcher Godinho,0,1,2023,2023,TRUE,FALSE
Alexandre Ribas de Paulo,0,1,2011,2011,TRUE,FALSE
Alexandre Soares da Silva,0,1,2021,2021,TRUE,FALSE
Alexandre de Castro,0,1,2005,2005,TRUE,FALSE
Alexsandro Pitanga Moraes,0,1,2018,2018,TRUE,FALSE
Alif Ronaldo Soares Domingues,0,1,2024,2024,TRUE,FALSE
Aline Caldeira Lopes,0,1,2017,2017,TRUE,FALSE
Allysson Eduardo Botelho de Oliveira,0,1,2022,2022,TRUE,FALSE
Almir Teubl Sanches,0,2,2008,2013,TRUE,FALSE
Almiro Eduardo de Almeida,0,1,2017,2017,TRUE,FALSE
Amanda Oliveira de Sousa,0,1,2022,2022,TRUE,FALSE
Ana Carolina Couto Pereira Pinto Barbosa,0,1,2017,2017,TRUE,FALSE
Ana Helena Karnas Hoefel Pamplona,0,1,2022,2022,TRUE,FALSE
Ana Luisa Mendes Martins,0,1,2022,2022,TRUE,FALSE
Ana Luisa Santos Rocha,0,1,2023,2023,TRUE,FALSE
Ana Luiza Barroso Caracas de Castro,0,1,2021,2021,TRUE,FALSE
Ana Luiza de Oliveira Alphonse,0,1,2021,2021,TRUE,FALSE
Ana Paula Zappellini Sassi,0,1,2023,2023,TRUE,FALSE
Ana Paula de Oliveira,0,1,2023,2023,TRUE,FALSE
Andre Luiz Batista Neves,0,1,2023,2023,TRUE,FALSE
Andre Melo Gomes Pereira,0,1,2019,2019,TRUE,FALSE
Andre Vicente Leite de Freitas,0,1,2019,2019,TRUE,FALSE
Andressa Garcia Dal Bosco Dall Agnol,0,1,2018,2018,TRUE,FALSE
Andrey Jose Taffner Fraga,0,1,2021,2021,TRUE,FALSE
André Javier Ferreira Payar,0,1,2012,2012,TRUE,FALSE
Anna Clara Lehmann Martins,0,1,2021,2021,TRUE,FALSE
Anna Luiza Sartorio Bacellar,0,1,2022,2022,TRUE,FALSE
Aparecida Dinalli,0,1,2014,2014,TRUE,FALSE
Ariel Engel Pesso,0,2,2018,2023,TRUE,FALSE
Aristeu Clodoaldo Juliato,0,1,2003,2003,TRUE,FALSE
Arley Fernandes Teixeira,0,1,2023,2023,TRUE,FALSE
Arthur Barretto de Almeida Costa,0,1,2019,2019,TRUE,FALSE
Arthur Roberto Capella Giannattasio,0,1,2013,2013,TRUE,FALSE
Athanis Molas Rodrigues,0,1,2014,2014,TRUE,FALSE
Barbara Madruga da Cunha,0,2,2020,2024,TRUE,FALSE
Bernardo Pinhon Bechtlufft,0,1,2018,2018,TRUE,FALSE
Bianca Berdine Martins Mendes,0,1,2018,2018,TRUE,FALSE
Bianca Monteiro Porto da Cunha Ferreira,0,1,2021,2021,TRUE,FALSE
Bibiana de Paiva Francisco Beraldo Borges de Sant Ana Terra,0,1,2021,2021,TRUE,FALSE
Bruna Boa Pereira de Souza,0,1,2024,2024,TRUE,FALSE
Bruna Casimiro Siciliani,0,1,2014,2014,TRUE,FALSE
Bruna Monique Machado Simoes,0,1,2020,2020,TRUE,FALSE
Bruna Portella de Novaes,0,1,2022,2022,TRUE,FALSE
Bruna Santiago Franchini,0,1,2023,2023,TRUE,FALSE
Bruno Arthur Hochheim,0,1,2023,2023,TRUE,FALSE
Bruno Lincoln Ramalho Paes,0,1,2020,2020,TRUE,FALSE
Bruno Rodrigues de Lima,0,2,2017,2024,TRUE,FALSE
Camila Damasceno de Andrade,0,1,2022,2022,TRUE,FALSE
Carla Rodrigues de Araújo,0,1,2000,2000,TRUE,FALSE
Carlos Alexandre Böttcher,0,2,2008,2012,TRUE,FALSE
Carlos Cesar Rodrigues,0,1,2022,2022,TRUE,FALSE
Carlos Eduardo Dieder Reverbel,0,1,2014,2014,TRUE,FALSE
Carlos Eugênio de Freitas,0,1,1999,1999,TRUE,FALSE
Carlos Gustavo Vianna Direito,0,1,2015,2015,TRUE,FALSE
Carolina Malagoli Krelling,0,1,2014,2014,TRUE,FALSE
Carolina Rosado de Sousa Costa,0,1,2023,2023,TRUE,FALSE
Christiano Cardoso França,0,1,2004,2004,TRUE,FALSE
Clarissa Mertz,0,1,2017,2017,TRUE,FALSE
Claudia Maria Borges Costa Pinto,0,1,2019,2019,TRUE,FALSE
Claudia Paiva Carvalho,0,1,2019,2019,TRUE,FALSE
Claudio Alberto Gabriel Guimarães,0,1,2006,2006,TRUE,FALSE
Claudio Alcantara Meireles Junior,0,1,2021,2021,TRUE,FALSE
Cláudia Pires Scarpa Machado Lourenço,0,1,2002,2002,TRUE,FALSE
Cláudio Henrique Ribeiro da Silva,0,1,2003,2003,TRUE,FALSE
Cristian Rodrigues Tenorio,0,1,2021,2021,TRUE,FALSE
Cyane Mendes Baptista Tinoco,0,1,2003,2003,TRUE,FALSE
Daniel Cabaleiro Saldanha,0,1,2011,2011,TRUE,FALSE
Daniel Lago Rodrigues,0,1,2023,2023,TRUE,FALSE
Daniel Nogueira Chignoli,0,1,2018,2018,TRUE,FALSE
Danielle Regina Wobeto de Araújo,0,2,2011,2016,TRUE,FALSE
Danillo Lima da Silva,0,1,2021,2021,TRUE,FALSE
Danilo Panzeri Carlotti,0,1,2013,2013,TRUE,FALSE
Danilo Pereira Lima,0,1,2018,2018,TRUE,FALSE
Danilo dos Santos Rabelo,0,1,2021,2021,TRUE,FALSE
David Francisco Lopes Gomes,0,2,2012,2016,TRUE,FALSE
Delmiro Ximenes de Farias,0,1,2019,2019,TRUE,FALSE
Diego Braga Serpa,0,1,2017,2017,TRUE,FALSE
Diogo Lima Trugilho,0,1,2014,2014,TRUE,FALSE
Douglas da Veiga Nascimento,0,1,2022,2022,TRUE,FALSE
Ed Willian Fuloni Carvalho,0,1,2023,2023,TRUE,FALSE
Eduardo Baker Valls Pereira,0,1,2018,2018,TRUE,FALSE
Eduardo Moraes Bestetti,0,1,2024,2024,TRUE,FALSE
Enéa de Stutz e Almeida,0,1,2003,2003,TRUE,FALSE
Erick Sarriune Cisne,0,1,2006,2006,TRUE,FALSE
Estefano Elias Risso,0,1,2023,2023,TRUE,FALSE
Ester Gammardella Rizzi,0,1,2016,2016,TRUE,FALSE
Estevan Lo Ré Pousada,0,1,2010,2010,TRUE,FALSE
Evania Franca Soares,0,1,2017,2017,TRUE,FALSE
Fabiana de Melo Secco,0,1,2017,2017,TRUE,FALSE
Fabio Henrique Falcone Garcia,0,1,2013,2013,TRUE,FALSE
Fabio Luis Furrier,0,1,2017,2017,TRUE,FALSE
Fabio Pereira,0,1,2023,2023,TRUE,FALSE
Fabíola Brito do Amaral,0,1,2005,2005,TRUE,FALSE
Felipe Epprecht Douverny,0,1,2013,2013,TRUE,FALSE
Felipe Jardim Lucas,0,1,2019,2019,TRUE,FALSE
Felipe Quintella Machado de Carvalho,0,1,2017,2017,TRUE,FALSE
Fernanda Cristina Covolan,0,1,2019,2019,TRUE,FALSE
Fernanda Lima da Silva,0,1,2024,2024,TRUE,FALSE
Fernanda Martins Albuquerque,0,1,2017,2017,TRUE,FALSE
Fernanda de Castro Teixeira,0,1,2021,2021,TRUE,FALSE
Fernando Afonso Marques de Melo,0,1,2022,2022,TRUE,FALSE
Fernando Augusto Henriques Fernandes,0,1,2003,2003,TRUE,FALSE
Fernando Henrique Lopes Honorato,0,1,2014,2014,TRUE,FALSE
Fernando José Pereira Araújo,0,1,2002,2002,TRUE,FALSE
Fernando Perez da Cunha Lima,0,1,2020,2020,TRUE,FALSE
Fernando Ribeiro da Silva Carvalho,0,1,2020,2020,TRUE,FALSE
Flávio Henriques Hebron Moura de Oliveira,0,1,2003,2003,TRUE,FALSE
Francisco de Assis do Rêgo Monteiro Rocha Júnior,0,1,2012,2012,TRUE,FALSE
Gabriel Antonio Pereira Santos,0,1,2024,2024,TRUE,FALSE
Gabriel Benedito Issaac Chalita,0,1,1997,1997,TRUE,FALSE
Gabriel Faustino Santos,0,1,2018,2018,TRUE,FALSE
Gabriel Frias Araujo,0,1,2017,2017,TRUE,FALSE
Gabriel Garcia Ribeiro de Arruda,0,1,2023,2023,TRUE,FALSE
Gabriel Lima Marques,0,1,2020,2020,TRUE,FALSE
Gabriela Back Lombardi,0,1,2023,2023,TRUE,FALSE
Gabriela Barretto de Sa,0,2,2014,2020,TRUE,FALSE
Gabriela Batista Pires Ramos,0,1,2018,2018,TRUE,FALSE
Gabriela Lima Ramenzoni,0,1,2014,2014,TRUE,FALSE
Gabriela Natacha Bechara,0,1,2019,2019,TRUE,FALSE
Gabriella Coelho Santos,0,1,2021,2021,TRUE,FALSE
Gabriella Souza Cruz,0,1,2024,2024,TRUE,FALSE
Gabrielle Stricker do Valle,0,1,2018,2018,TRUE,FALSE
Gerson Lacerda Pistori,0,1,2006,2006,TRUE,FALSE
Giuliano Menezes Campos,0,1,2003,2003,TRUE,FALSE
Glaucia Luna Meira,0,1,2003,2003,TRUE,FALSE
Grasiela de Souza Thomsen Giorgi,0,1,2014,2014,TRUE,FALSE
Grasielle Fernanda Freire Cabral,0,1,2023,2023,TRUE,FALSE
Gregorio Schroder Sliwka,0,1,2022,2022,TRUE,FALSE
Guaraci de Campos Vianna,0,1,2005,2005,TRUE,FALSE
Guilherme Dutra Marinho Cabral,0,1,2019,2019,TRUE,FALSE
Guilherme Goncalves Alcantara,0,1,2019,2019,TRUE,FALSE
Guilherme Grane Diniz,0,1,2018,2018,TRUE,FALSE
Guilherme Ricken,0,1,2016,2016,TRUE,FALSE
Guilherme Scodeler de Souza Barreiro,0,1,2022,2022,TRUE,FALSE
Gustavo Angelelli,0,1,2021,2021,TRUE,FALSE
Gustavo Castagna Machado,0,1,2016,2016,TRUE,FALSE
Gustavo Zatelli Correa,0,1,2022,2022,TRUE,FALSE
Helena Maria Ramos de Mendonca,0,1,2013,2013,TRUE,FALSE
Helena Rocha Coutinho de Castro,0,1,2022,2022,TRUE,FALSE
Henrique Ferreira Duarte,0,1,2024,2024,TRUE,FALSE
Henrique Montagner Fernandes,0,1,2020,2020,TRUE,FALSE
Herman Nébias Barreto,0,1,2001,2001,TRUE,FALSE
Hugo Leonardo Rodrigues Santos,0,1,2015,2015,TRUE,FALSE
Igor Moraes Santos,0,1,2018,2018,TRUE,FALSE
Isabela Furlan Rigolin,0,1,2023,2023,TRUE,FALSE
Isabela Guimarães Rabelo do Amaral,0,1,2012,2012,TRUE,FALSE
Isabela de Andrade Pena Miranda Corby,0,1,2015,2015,TRUE,FALSE
Ivan Furmann,0,1,2013,2013,TRUE,FALSE
Ivanildo Ferreira Alves,0,1,2003,2003,TRUE,FALSE
Jan Marcel Paschoal Mertens,0,1,2023,2023,TRUE,FALSE
Jean Carlos Martins Rodrigues,0,1,2021,2021,TRUE,FALSE
Jean Patricio da Silva,0,1,2024,2024,TRUE,FALSE
Jeferson Santos Teixeira da Silva,0,1,2022,2022,TRUE,FALSE
Joanderson Gomes de Almeida,0,1,2022,2022,TRUE,FALSE
Joanir Fernando Rigo,0,1,2024,2024,TRUE,FALSE
Joao Batista Miguel,0,1,2020,2020,TRUE,FALSE
Joao Guilherme Leal Roorda,0,1,2016,2016,TRUE,FALSE
Joao Paulo Mansur,0,2,2017,2023,TRUE,FALSE
Joao Paulo Santos Araujo,0,1,2022,2022,TRUE,FALSE
Jonathan Erik Von Erkert,0,1,2013,2013,TRUE,FALSE
Jose Blanes Sala,0,1,1994,1994,TRUE,FALSE
Jose Carlos de Carvalho Baboin,0,1,2020,2020,TRUE,FALSE
Jose Correa de Melo,0,1,2013,2013,TRUE,FALSE
Jose Nunes de Cerqueira Neto,0,1,2020,2020,TRUE,FALSE
Jose Sarto Fulgencio de Lima Filho,0,1,2023,2023,TRUE,FALSE
Jose Valente Neto,0,1,2024,2024,TRUE,FALSE
Josiane Lorena Peters,0,1,2021,2021,TRUE,FALSE
Josue Almeida do Nascimento,0,1,2024,2024,TRUE,FALSE
Josue Ricardo Menossi de Freitas,0,1,2017,2017,TRUE,FALSE
José Guida Neto,0,1,2012,2012,TRUE,FALSE
João Marcelo Borelli Machado,0,1,2006,2006,TRUE,FALSE
João Paulo Medeiros Araujo,0,1,2012,2012,TRUE,FALSE
Juan de Assis Almeida,0,1,2018,2018,TRUE,FALSE
Juda Leao Lobo,0,1,2019,2019,TRUE,FALSE
Julia Aliot da Costa Ilkiu,0,1,2020,2020,TRUE,FALSE
Julia Carla Duarte Cavalcante,0,1,2021,2021,TRUE,FALSE
Julia Farah Scholz,0,1,2021,2021,TRUE,FALSE
Julia de Souza Rodrigues,0,1,2019,2019,TRUE,FALSE
Juliana Pereira Soares,0,1,2012,2012,TRUE,FALSE
Juliano Rodriguez Torres,0,1,2013,2013,TRUE,FALSE
Júlia Rosseti Picinin Arruda Vieira,0,1,2009,2009,TRUE,FALSE
Karina Abreu Freire,0,1,2019,2019,TRUE,FALSE
Karolyne Mendes Mendonca Moreira,0,1,2018,2018,TRUE,FALSE
Kenny Sontag,0,1,2016,2016,TRUE,FALSE
Laila Iafah Goes Barreto,0,1,2015,2015,TRUE,FALSE
Laila Maia Galvao,0,2,2013,2017,TRUE,FALSE
Lais Mazzola Piletti,0,1,2019,2019,TRUE,FALSE
Laura Beck Varela,0,1,2001,2001,TRUE,FALSE
Laura Gandra Laudares Fonseca,0,1,2024,2024,TRUE,FALSE
Laura Rodrigues Hermando,0,1,2024,2024,TRUE,FALSE
Leonardo Augusto de Andrade Barbosa,0,1,2009,2009,TRUE,FALSE
Leonardo Delatorre Leite,0,1,2024,2024,TRUE,FALSE
Leonardo Gadelha Costa,0,1,2012,2012,TRUE,FALSE
Leonardo Passinato e Silva,0,1,2019,2019,TRUE,FALSE
Leonel Cesarino Pessôa,0,1,1999,1999,TRUE,FALSE
Leticia Pereira Pimenta,0,1,2015,2015,TRUE,FALSE
Lidiana Medeiros Furtado Alves,0,1,2022,2022,TRUE,FALSE
Luana Angelo Leal de Oliveira,0,1,2022,2022,TRUE,FALSE
Luana Menezes Lira,0,1,2017,2017,TRUE,FALSE
Lucas Melo Borges de Souza,0,1,2021,2021,TRUE,FALSE
Lucia Barbosa del Picchia,0,1,2012,2012,TRUE,FALSE
Luciana Pato Peçanha Martins,0,1,2005,2005,TRUE,FALSE
Luciana Silva Reis,0,1,2018,2018,TRUE,FALSE
Ludmila Correa Dutra,0,1,2016,2016,TRUE,FALSE
Luis Eduardo Viana Fernandes,0,1,2022,2022,TRUE,FALSE
Luis Henrique Braga Madalena,0,1,2021,2021,TRUE,FALSE
Luis Rosenfield,0,1,2019,2019,TRUE,FALSE
Luiz George Navarro,0,1,1994,1994,TRUE,FALSE
Luiz Gustavo Vieira Santos,0,1,2014,2014,TRUE,FALSE
Luiz Henrique Beltramini,0,1,2001,2001,TRUE,FALSE
Luiz Otávio Ribas,0,1,2009,2009,TRUE,FALSE
Luize Stoeterau Navarro,0,1,2015,2015,TRUE,FALSE
Manoel Batista do Prado Junior,0,1,2024,2024,TRUE,FALSE
Marcele Carine dos Praseres Soares,0,1,2023,2023,TRUE,FALSE
Marcele Garcia Guerra,0,1,2010,2010,TRUE,FALSE
Marcelo José Grimone,0,1,2007,2007,TRUE,FALSE
Marcelo Mayora Alves,0,1,2016,2016,TRUE,FALSE
Marcelo Pezzolo Farina,0,1,2022,2022,TRUE,FALSE
Marcelo Pinho dos Santos,0,1,2014,2014,TRUE,FALSE
Marcelo Salaroli de Oliveira,0,1,2006,2006,TRUE,FALSE
Marco Alexandre de Souza Serra,0,1,2017,2017,TRUE,FALSE
Marco Aurelio Peri Guedes,0,1,2018,2018,TRUE,FALSE
Marcos Aurelio Dusso,0,1,2018,2018,TRUE,FALSE
Marcos David Salem,0,1,2003,2003,TRUE,FALSE
Marcos Pascotto Palermo,0,1,2013,2013,TRUE,FALSE
Marcos Untura Neto,0,1,2013,2013,TRUE,FALSE
Marcos Vinicius Lustosa Queiroz,0,2,2017,2022,TRUE,FALSE
Marcus Paulo Rycembel Boeira,0,1,2012,2012,TRUE,FALSE
Marcus Seixas Souza,0,1,2014,2014,TRUE,FALSE
Margareth de Abreu Rosa,0,1,2017,2017,TRUE,FALSE
Maria Cecilia Lessa da Rocha,0,1,2023,2023,TRUE,FALSE
Maria Celina Monteiro Gordilho,0,1,2024,2024,TRUE,FALSE
Maria Fernanda Salcedo Repolês,0,1,2006,2006,TRUE,FALSE
Maria Laura Tolentino Marques Gontijo Couto,0,1,2023,2023,TRUE,FALSE
Maria Stella Ferreira Levy,0,1,2006,2006,TRUE,FALSE
Mariana Armond Dias Paes,0,1,2014,2014,TRUE,FALSE
Mariana Braga Sydriao de Alencar,0,1,2015,2015,TRUE,FALSE
Mariana Giorgetti Valente,0,1,2018,2018,TRUE,FALSE
Mariana Souza Pargendler,0,1,2011,2011,TRUE,FALSE
Mariana de Saboya Furtado,0,1,2024,2024,TRUE,FALSE
Marianna Gomes Silva Lopes,0,1,2021,2021,TRUE,FALSE
Marilia Souza Diniz Alves,0,1,2013,2013,TRUE,FALSE
Marina Lima Ferreira,0,1,2020,2020,TRUE,FALSE
Mario Andre Machado Cabral,0,1,2016,2016,TRUE,FALSE
Mario Davi Barbosa,0,1,2021,2021,TRUE,FALSE
Marja Mangili Laurindo,0,1,2022,2022,TRUE,FALSE
Marlio Aguiar,0,1,2020,2020,TRUE,FALSE
Marta Regina Savi,0,1,2018,2018,TRUE,FALSE
Mateus Rocha Tomaz,0,1,2024,2024,TRUE,FALSE
Mateus do Prado Utzig,0,1,2022,2022,TRUE,FALSE
Matheus Farinhas de Oliveira,0,1,2022,2022,TRUE,FALSE
Matheus Henrique Bonin Cangussu,0,1,2024,2024,TRUE,FALSE
Matheus de Toledo Dalecio,0,1,2022,2022,TRUE,FALSE
Mauricio Sullivan Balhe Guedes,0,1,2020,2020,TRUE,FALSE
Mauro Almeida Noleto,0,1,2024,2024,TRUE,FALSE
Mayessa Haendchen Costa,0,1,2020,2020,TRUE,FALSE
Micael Jonathan Rosa da Costa,0,1,2024,2024,TRUE,FALSE
Michael Dionisio de Souza,0,1,2022,2022,TRUE,FALSE
Micheli Pilau de Oliveira,0,1,2024,2024,TRUE,FALSE
Milena Valle Rodrigues,0,1,2023,2023,TRUE,FALSE
Moisés Angelo de Moura Reis,0,1,2011,2011,TRUE,FALSE
Mônica Ovinski de Camargo,0,1,2001,2001,TRUE,FALSE
Nasser Ahmad Allan,0,1,2015,2015,TRUE,FALSE
Natalia Soares Batista,0,1,2022,2022,TRUE,FALSE
Natasha Pereira Silva,0,1,2016,2016,TRUE,FALSE
Nathalia Kosinski Rodrigues,0,1,2023,2023,TRUE,FALSE
Nathaly Jose Mancilla Ordenes,0,1,2016,2016,TRUE,FALSE
Natália Raquel Ribeiro Araújo,0,1,2002,2002,TRUE,FALSE
Nildo Inacio,0,1,2013,2013,TRUE,FALSE
Norton Thome Zardo,0,1,2020,2020,TRUE,FALSE
Oscar Luiz Moret Hernández,0,1,2002,2002,TRUE,FALSE
Osny da Silva Filho,0,1,2016,2016,TRUE,FALSE
Otavio Augusto Ganzert Weinhardt,0,2,2019,2024,TRUE,FALSE
Otavio Lopes de Souza,0,1,2023,2023,TRUE,FALSE
Otávio Lucas Solano Valério,0,1,2010,2010,TRUE,FALSE
Patricia Maeda,0,1,2020,2020,TRUE,FALSE
Patricia Ramos Barros,0,1,2024,2024,TRUE,FALSE
Patricia Regina Mendes Mattos Correa Gomes,0,2,2015,2019,TRUE,FALSE
Patricia Soster Bortolotto,0,1,2019,2019,TRUE,FALSE
Paula Fernanda Monteiro,0,1,2023,2023,TRUE,FALSE
Paulo Henrique Dias Drummond,0,1,2011,2011,TRUE,FALSE
Paulo Henrique Rodrigues Pereira,0,1,2022,2022,TRUE,FALSE
Paulo Santos,0,1,2002,2002,TRUE,FALSE
Paulo Victor Viana Franca,0,1,2021,2021,TRUE,FALSE
Pedro Prazeres Fraga Pereira,0,1,2018,2018,TRUE,FALSE
Pedro Zanella Caus,0,1,2020,2020,TRUE,FALSE
Philipe Augusto Micaloski Kowalski,0,1,2024,2024,TRUE,FALSE
Pietra Lima Inacio,0,1,2024,2024,TRUE,FALSE
Priscila Maddalozzo Pivatto,0,1,2010,2010,TRUE,FALSE
Priscila Soares Crocetti,0,1,2011,2011,TRUE,FALSE
Pryscilla Gomes Matias,0,1,2016,2016,TRUE,FALSE
Rafael Alves da Silva,0,1,2022,2022,TRUE,FALSE
Rafael Baltar de A. Vasconcelos,0,1,2011,2011,TRUE,FALSE
Rafael Barros Vieira,0,1,2016,2016,TRUE,FALSE
Rafael Bernardes Lucca,0,1,2024,2024,TRUE,FALSE
Rafael Casais Neto,0,1,2020,2020,TRUE,FALSE
Rafael Issa Obeid,0,1,2013,2013,TRUE,FALSE
Rafael Juliao Evangelista,0,1,2017,2017,TRUE,FALSE
Rafael Machado da Rocha,0,1,2016,2016,TRUE,FALSE
Rafael Mafei Rabelo Queiroz,0,2,2005,2009,TRUE,FALSE
Rafael Tubone Magdaleno,0,2,2018,2023,TRUE,FALSE
Rafael Vieira de Alencar,0,2,2018,2022,TRUE,FALSE
Rafael Zelesco Barretto,0,1,2016,2016,TRUE,FALSE
Raffaele Felice Pirro,0,1,2012,2012,TRUE,FALSE
Ralfe Oliveira Romero,0,1,2022,2022,TRUE,FALSE
Raphaela Abud Neves,0,1,2023,2023,TRUE,FALSE
Raquel Razente Sirotti,0,1,2016,2016,TRUE,FALSE
Raquel da Cruz Lima,0,1,2022,2022,TRUE,FALSE
Raul Ferreira Belucio Nogueira,0,2,2018,2024,TRUE,FALSE
Raul Salvador Blasi Veyl,0,1,2021,2021,TRUE,FALSE
Rebeca Fernandes Dias,0,1,2015,2015,TRUE,FALSE
Regina de Paiva Alban,0,1,2022,2022,TRUE,FALSE
Regis Joao Nodari,0,1,2022,2022,TRUE,FALSE
Reinaldo Silva Cintra,0,1,2022,2022,TRUE,FALSE
Renan Victor Boy Bacelar,0,1,2018,2018,TRUE,FALSE
Renata Esteves Furbino,0,1,2011,2011,TRUE,FALSE
Renato Bigliazzi,0,1,2015,2015,TRUE,FALSE
Renato Sedano Onofri,0,1,2012,2012,TRUE,FALSE
Rennan Klingelfus Gardoni,0,1,2020,2020,TRUE,FALSE
Ricardo Carrion Barbosa Alves,0,1,2020,2020,TRUE,FALSE
Ricardo Cesar Franco,0,1,2021,2021,TRUE,FALSE
Rita Cristina de Oliveira,0,1,2024,2024,TRUE,FALSE
Rivaldo Dionizio Candido,0,1,2021,2021,TRUE,FALSE
Roberta Celli Moreira de Araujo,0,1,2020,2020,TRUE,FALSE
Roberta Duboc Pedrinha,0,1,2003,2003,TRUE,FALSE
Roberto Dalledone Machado Filho,0,1,2008,2008,TRUE,FALSE
Roberto Kalil Ferreira,0,1,2001,2001,TRUE,FALSE
Rodrigo Alessandro Sartoti,0,1,2017,2017,TRUE,FALSE
Rodrigo Dantas Valverde,0,1,2024,2024,TRUE,FALSE
Rodrigo Dias Silveira,0,1,2014,2014,TRUE,FALSE
Rodrigo Duque Estrada Roig Soares,0,1,2005,2005,TRUE,FALSE
Rodrigo Fernandes da Silva,0,1,2015,2015,TRUE,FALSE
Romario Edson da Silva Rebelo,0,1,2024,2024,TRUE,FALSE
Romulo Filizzola Nogueira,0,1,2022,2022,TRUE,FALSE
Rose Dayanne Santos de Brito,0,1,2016,2016,TRUE,FALSE
Sabrina Bowen Farhat Fernandes,0,1,2015,2015,TRUE,FALSE
Sergio Manuel Fialho Lourinho,0,1,2011,2011,TRUE,FALSE
Sergio Pessoa Ferro,0,1,2023,2023,TRUE,FALSE
Sergio Ricardo de Freitas Cruz,0,1,2023,2023,TRUE,FALSE
Silvio Cesar Pasquini Oranges,0,1,2023,2023,TRUE,FALSE
Sonia Regina Martins de Oliveira,0,1,2015,2015,TRUE,FALSE
Stephani Fleck da Rosa,0,1,2017,2017,TRUE,FALSE
Suyan dos Santos Liberatori,0,1,2004,2004,TRUE,FALSE
Sérgio Luiz Fernandes Pires,0,1,1998,1998,TRUE,FALSE
Tairo Batista Esperanca,0,1,2017,2017,TRUE,FALSE
Tais Fernandes Duarte,0,1,2011,2011,TRUE,FALSE
Taisa Regina Rodrigues,0,2,2017,2023,TRUE,FALSE
Thais Araujo Dias,0,1,2024,2024,TRUE,FALSE
Thais Dumet Faria,0,1,2013,2013,TRUE,FALSE
Thais Fernanda Tenorio Seco,0,1,2023,2023,TRUE,FALSE
Thais Pinhata de Souza,0,1,2016,2016,TRUE,FALSE
Thiago Crisostomo Cruz Reis,0,1,2023,2023,TRUE,FALSE
Thiago Freitas Hansen,0,2,2014,2018,TRUE,FALSE
Thiago Patricio Gondim,0,1,2018,2018,TRUE,FALSE
Thiago de Azevedo Pinheiro Hoshino,0,1,2013,2013,TRUE,FALSE
Tiago da Silva Cicilio,0,1,2022,2022,TRUE,FALSE
Vanessa Caroline Massuchetto,0,2,2016,2021,TRUE,FALSE
Vanessa Fernanda Fransozi,0,1,2019,2019,TRUE,FALSE
Vanessa Nunes Lopes,0,1,2024,2024,TRUE,FALSE
Vanessa dos Santos Moura,0,1,2019,2019,TRUE,FALSE
Vanilda Honoria dos Santos,0,1,2024,2024,TRUE,FALSE
Victor Alves Magalhaes,0,1,2020,2020,TRUE,FALSE
Victor Bianchini Rebelo,0,1,2023,2023,TRUE,FALSE
Victor Hugo Criscuolo Boson,0,1,2016,2016,TRUE,FALSE
Virginia Juliane Adami Paulino,0,1,2013,2013,TRUE,FALSE
Vitor Alessandro Veiga Salazar,0,1,2024,2024,TRUE,FALSE
Vitor Tadeu Carramao Mello,0,1,2020,2020,TRUE,FALSE
Vitoria Larissa Dantas de Morais,0,1,2020,2020,TRUE,FALSE
Viviane Alves de Morais,0,1,2017,2017,TRUE,FALSE
Viviane Moura Sleimon,0,1,2001,2001,TRUE,FALSE
Wagner Silveira Feloniuk,0,1,2013,2013,TRUE,FALSE
Walter Marquezan Augusto,0,1,2020,2020,TRUE,FALSE
Wanderson Pimenta Souza,0,1,2020,2020,TRUE,FALSE
Wladimyr Vinycius de Moraes Camargos,0,1,2017,2017,TRUE,FALSE
