orientador,orientando,ano_base,tipo_normalizado,ies,nome_programa
Jose Rogerio Cruz e Tucci,Luiz George Navarro,1994,Dissertação,UNIVERSIDADE DE SÃO PAULO,DIREITO
Guido Fernando Silva Soares,Jose Blanes Sala,1994,Dissertação,UNIVERSIDADE DE SÃO PAULO,DIREITO
Luiz Antonio Rizzatto Nunes,Gabriel Benedito Issaac Chalita,1997,Dissertação,PONTIFÍCIA UNIVERSIDADE CATÓLICA DE SÃO PAULO,DIREITO
Vera Regina Pereira de Andrade,Sérgio Luiz Fernandes Pires,1998,Dissertação,UNIVERSIDADE FEDERAL DE SANTA CATARINA,DIREITO
Luiz Fernando Coelho,Ricardo Marcelo Fonseca,1998,Dissertação,UNIVERSIDADE FEDERAL DO PARANÁ,DIREITO
Tercio Sampaio Ferraz Junior,Leonel Cesarino Pessôa,1999,Tese,UNIVERSIDADE DE SÃO PAULO,DIREITO
Ester Kosovski,Carlos Eugênio de Freitas,1999,Dissertação,UNIVERSIDADE DO ESTADO DO RIO DE JANEIRO,DIREITO
Afrânio Silva Jardim,Carla Rodrigues de Araújo,2000,Dissertação,UNIVERSIDADE GAMA FILHO,DIREITO
Ruth Maria Chittó Gauer,Viviane Moura Sleimon,2001,Dissertação,PONTIFÍCIA UNIVERSIDADE CATÓLICA DO RIO GRANDE DO SUL,CIÊNCIAS CRIMINAIS
Maria Amália de Figueiredo Pereira Alvarenga,Luiz Henrique Beltramini,2001,Dissertação,UNIVERSIDADE DE FRANCA,DIREITO
Menelick de Carvalho Netto,Herman Nébias Barreto,2001,Dissertação,UNIVERSIDADE FEDERAL DE MINAS GERAIS,DIREITO
Joaquim Carlos Salgado,Roberto Kalil Ferreira,2001,Tese,UNIVERSIDADE FEDERAL DE MINAS GERAIS,DIREITO
Ela Wiecko Volkmer de Castilho,Mônica Ovinski de Camargo,2001,Dissertação,UNIVERSIDADE FEDERAL DE SANTA CATARINA,DIREITO
Judith Hofmeister Martins-Costa,Laura Beck Varela,2001,Dissertação,UNIVERSIDADE FEDERAL DO RIO GRANDE DO SUL,DIREITO
Marcelo Campos Galuppo,Natália Raquel Ribeiro Araújo,2002,Dissertação,PONTIFÍCIA UNIVERSIDADE CATÓLICA DE MINAS GERAIS,DIREITO
Nilo Batista,Oscar Luiz Moret Hernández,2002,Dissertação,UNIVERSIDADE CÂNDIDO MENDES,DIREITO
Joao Mauricio Leitao Adeodato,Fernando José Pereira Araújo,2002,Tese,UNIVERSIDADE FEDERAL DE PERNAMBUCO,DIREITO
Arno Wehling,Cláudia Pires Scarpa Machado Lourenço,2002,Dissertação,UNIVERSIDADE GAMA FILHO,DIREITO
Alberto Nogueira,Paulo Santos,2002,Dissertação,UNIVERSIDADE GAMA FILHO,DIREITO
Maria Helena Diniz,Glaucia Luna Meira,2003,Dissertação,PONTIFÍCIA UNIVERSIDADE CATÓLICA DE SÃO PAULO,DIREITO
Nilo Batista,Roberta Duboc Pedrinha,2003,Dissertação,UNIVERSIDADE CÂNDIDO MENDES,DIREITO
Nilo Batista,Marcos David Salem,2003,Dissertação,UNIVERSIDADE CÂNDIDO MENDES,DIREITO
Vera Malaguti de Souza Weglinski Batista,Flávio Henriques Hebron Moura de Oliveira,2003,Dissertação,UNIVERSIDADE CÂNDIDO MENDES,DIREITO
Nilo Batista,Fernando Augusto Henriques Fernandes,2003,Dissertação,UNIVERSIDADE CÂNDIDO MENDES,DIREITO
Carlos Augusto Canêdo Gonçalves da Silva,Cláudio Henrique Ribeiro da Silva,2003,Dissertação,UNIVERSIDADE FEDERAL DE MINAS GERAIS,DIREITO
Antonio Carlos Wolkmer,Enéa de Stutz e Almeida,2003,Tese,UNIVERSIDADE FEDERAL DE SANTA CATARINA,DIREITO
Paulo Bonavides,Giuliano Menezes Campos,2003,Dissertação,UNIVERSIDADE FEDERAL DO CEARÁ,DIREITO (DIREITO E DESENVOLVIMENTO)
Jose Carlos Dias Castro,Ivanildo Ferreira Alves,2003,Dissertação,UNIVERSIDADE FEDERAL DO PARÁ,DIREITO
Arno Wehling,Cyane Mendes Baptista Tinoco,2003,Dissertação,UNIVERSIDADE GAMA FILHO,DIREITO
Everaldo Tadeu Quilici Gonzalez,Aristeu Clodoaldo Juliato,2003,Dissertação,UNIVERSIDADE METODISTA DE PIRACICABA,DIREITO
Vera Malaguti de Souza Weglinski Batista,Suyan dos Santos Liberatori,2004,Dissertação,UNIVERSIDADE CÂNDIDO MENDES,DIREITO
Antonio Gomes Moreira Maués,Sandro Alex de Souza Simões,2004,Dissertação,UNIVERSIDADE FEDERAL DO PARÁ,DIREITO
Arno Wehling,Christiano Cardoso França,2004,Dissertação,UNIVERSIDADE GAMA FILHO,DIREITO
José Rossini Campos do Couto Corrêa,Luciana Pato Peçanha Martins,2005,Dissertação,CENTRO UNIVERSITÁRIO DE BRASÍLIA,DIREITO
Vinício Carrilho Martinez,Alexandre de Castro,2005,Dissertação,"FUNDAÇÃO DE ENSINO ""EURÍPIDES SOARES DA ROCHA""",DIREITO
Nilo Batista,Rodrigo Duque Estrada Roig Soares,2005,Dissertação,UNIVERSIDADE CÂNDIDO MENDES,DIREITO
Nilo Batista,Guaraci de Campos Vianna,2005,Dissertação,UNIVERSIDADE CÂNDIDO MENDES,DIREITO
Rosendo Freitas de Amorim,Fabíola Brito do Amaral,2005,Dissertação,UNIVERSIDADE DE FORTALEZA,DIREITO CONSTITUCIONAL
Jose Reinaldo de Lima Lopes,Rafael Mafei Rabelo Queiroz,2005,Dissertação,UNIVERSIDADE DE SÃO PAULO,DIREITO
Pedro Paulo Teixeira Manus,Gerson Lacerda Pistori,2006,Dissertação,PONTIFÍCIA UNIVERSIDADE CATÓLICA DE SÃO PAULO,DIREITO
Newton de Menezes Albuquerque,Erick Sarriune Cisne,2006,Dissertação,UNIVERSIDADE DE FORTALEZA,DIREITO CONSTITUCIONAL
Carlos Eduardo de Abreu Boucault,Marcelo Salaroli de Oliveira,2006,Dissertação,UNIVERSIDADE EST.PAULISTA JÚLIO DE MESQUITA FILHO/FRANCA,DIREITO
Menelick de Carvalho Netto,Maria Fernanda Salcedo Repolês,2006,Tese,UNIVERSIDADE FEDERAL DE MINAS GERAIS,DIREITO
César Augusto de Castro Fiuza,Maria Stella Ferreira Levy,2006,Tese,UNIVERSIDADE FEDERAL DE MINAS GERAIS,DIREITO
Vera Regina Pereira de Andrade,Claudio Alberto Gabriel Guimarães,2006,Tese,UNIVERSIDADE FEDERAL DE SANTA CATARINA,DIREITO
José Antônio Peres Gediel,João Marcelo Borelli Machado,2006,Dissertação,UNIVERSIDADE FEDERAL DO PARANÁ,DIREITO
Jeannette Antonios Maman,Marcelo José Grimone,2007,Dissertação,UNIVERSIDADE DE SÃO PAULO,DIREITO
Antônio Celso Alves Pereira,Paulo Emílio Vauthier Borges de Macedo,2007,Tese,UNIVERSIDADE DO ESTADO DO RIO DE JANEIRO,DIREITO
Jose Reinaldo de Lima Lopes,Almir Teubl Sanches,2008,Dissertação,UNIVERSIDADE DE SÃO PAULO,DIREITO
Hélcio Maciel França Madeira,Carlos Alexandre Böttcher,2008,Dissertação,UNIVERSIDADE DE SÃO PAULO,DIREITO
Ricardo Marcelo Fonseca,Roberto Dalledone Machado Filho,2008,Dissertação,UNIVERSIDADE FEDERAL DO PARANÁ,DIREITO
Cristiano Otavio Paixão Araujo Pinto,Leonardo Augusto de Andrade Barbosa,2009,Tese,UNIVERSIDADE DE BRASÍLIA,DIREITO
Jose Reinaldo de Lima Lopes,Rafael Mafei Rabelo Queiroz,2009,Tese,UNIVERSIDADE DE SÃO PAULO,DIREITO
Ignácio Maria Poveda Velasco,Júlia Rosseti Picinin Arruda Vieira,2009,Dissertação,UNIVERSIDADE DE SÃO PAULO,DIREITO
Aloízio Gonzaga de Andrade Araújo,Gustavo Silveira Siqueira,2009,Dissertação,UNIVERSIDADE FEDERAL DE MINAS GERAIS,DIREITO
Arno Dal Ri Júnior,Ricardo Sontag,2009,Dissertação,UNIVERSIDADE FEDERAL DE SANTA CATARINA,DIREITO
Antonio Carlos Wolkmer,Luiz Otávio Ribas,2009,Dissertação,UNIVERSIDADE FEDERAL DE SANTA CATARINA,DIREITO
Ricardo Marcelo Fonseca,Sérgio Said Staut Junior,2009,Tese,UNIVERSIDADE FEDERAL DO PARANÁ,DIREITO
Jose Reinaldo de Lima Lopes,Otávio Lucas Solano Valério,2010,Dissertação,UNIVERSIDADE DE SÃO PAULO,DIREITO
Luís Virgílio Afonso da Silva,Priscila Maddalozzo Pivatto,2010,Tese,UNIVERSIDADE DE SÃO PAULO,DIREITO
Ignácio Maria Poveda Velasco,Estevan Lo Ré Pousada,2010,Tese,UNIVERSIDADE DE SÃO PAULO,DIREITO
Gilberto Bercovici,Marcele Garcia Guerra,2010,Dissertação,UNIVERSIDADE DE SÃO PAULO,DIREITO
Marcelo Andrade Cattoni de Oliveira,Adamo Dias Alves,2010,Dissertação,UNIVERSIDADE FEDERAL DE MINAS GERAIS,DIREITO
Ricardo Marcelo Fonseca,Andre Peixoto de Souza,2010,Tese,UNIVERSIDADE FEDERAL DO PARANÁ,DIREITO
Ronaldo Porto Macedo Júnior,Tais Fernandes Duarte,2011,Dissertação,Escola de Direito de São Paulo,DIREITO
Cristiano Otavio Paixão Araujo Pinto,Raphael Peixoto de Paula Marques,2011,Dissertação,UNIVERSIDADE DE BRASÍLIA,DIREITO
Gustavo Senachal de Goffredo,Rafael Baltar de A. Vasconcelos,2011,Dissertação,UNIVERSIDADE DO ESTADO DO RIO DE JANEIRO,DIREITO
Arthur José Almeida Diniz,Gustavo Silveira Siqueira,2011,Tese,UNIVERSIDADE FEDERAL DE MINAS GERAIS,DIREITO
Joaquim Carlos Salgado,Daniel Cabaleiro Saldanha,2011,Dissertação,UNIVERSIDADE FEDERAL DE MINAS GERAIS,DIREITO
Sergio Luiz Souza Araujo,Renata Esteves Furbino,2011,Dissertação,UNIVERSIDADE FEDERAL DE MINAS GERAIS,DIREITO
Arno Dal Ri Júnior,Alexandre Ribas de Paulo,2011,Tese,UNIVERSIDADE FEDERAL DE SANTA CATARINA,DIREITO
Ricardo Marcelo Fonseca,Paulo Henrique Dias Drummond,2011,Dissertação,UNIVERSIDADE FEDERAL DO PARANÁ,DIREITO
Ricardo Marcelo Fonseca,Priscila Soares Crocetti,2011,Dissertação,UNIVERSIDADE FEDERAL DO PARANÁ,DIREITO
Ricardo Marcelo Fonseca,Sergio Manuel Fialho Lourinho,2011,Dissertação,UNIVERSIDADE FEDERAL DO PARANÁ,DIREITO
Luís Fernando Lopes Pereira,Danielle Regina Wobeto de Araújo,2011,Dissertação,UNIVERSIDADE FEDERAL DO PARANÁ,DIREITO
Carlos Klein Zanini,Mariana Souza Pargendler,2011,Tese,UNIVERSIDADE FEDERAL DO RIO GRANDE DO SUL,DIREITO
Antônio de Moura Borges,Moisés Angelo de Moura Reis,2011,Dissertação,Universidade Católica de Brasília,DIREITO
Cláudio de Cicco,José Guida Neto,2012,Tese,PONTIFÍCIA UNIVERSIDADE CATÓLICA DE SÃO PAULO,DIREITO
Adriano Pilatti,Adriana Vidal de Oliveira,2012,Tese,PONTIFÍCIA UNIVERSIDADE CATÓLICA DO RIO DE JANEIRO,DIREITO
Gustavo Raposo Pereira Feitosa,Leonardo Gadelha Costa,2012,Dissertação,UNIVERSIDADE DE FORTALEZA,DIREITO CONSTITUCIONAL
Jose Reinaldo de Lima Lopes,André Javier Ferreira Payar,2012,Dissertação,UNIVERSIDADE DE SÃO PAULO,DIREITO
Elival da Silva Ramos,Marcus Paulo Rycembel Boeira,2012,Tese,UNIVERSIDADE DE SÃO PAULO,DIREITO
Ignácio Maria Poveda Velasco,Renato Sedano Onofri,2012,Dissertação,UNIVERSIDADE DE SÃO PAULO,DIREITO
Gilberto Bercovici,Lucia Barbosa del Picchia,2012,Tese,UNIVERSIDADE DE SÃO PAULO,DIREITO
Hélcio Maciel França Madeira,Carlos Alexandre Böttcher,2012,Tese,UNIVERSIDADE DE SÃO PAULO,DIREITO
Marcos Alcino de Azevedo Torres,Raffaele Felice Pirro,2012,Dissertação,UNIVERSIDADE DO ESTADO DO RIO DE JANEIRO,DIREITO
Marcelo Andrade Cattoni de Oliveira,David Francisco Lopes Gomes,2012,Dissertação,UNIVERSIDADE FEDERAL DE MINAS GERAIS,DIREITO
Giordano Bruno Soares Roberto,Juliana Pereira Soares,2012,Dissertação,UNIVERSIDADE FEDERAL DE MINAS GERAIS,DIREITO
José Luiz Borges Horta,João Paulo Medeiros Araujo,2012,Dissertação,UNIVERSIDADE FEDERAL DE MINAS GERAIS,DIREITO
Giordano Bruno Soares Roberto,Isabela Guimarães Rabelo do Amaral,2012,Dissertação,UNIVERSIDADE FEDERAL DE MINAS GERAIS,DIREITO
Vera Regina Pereira de Andrade,Camila Cardoso de Mello Prando,2012,Tese,UNIVERSIDADE FEDERAL DE SANTA CATARINA,DIREITO
Luís Fernando Lopes Pereira,Francisco de Assis do Rêgo Monteiro Rocha Júnior,2012,Tese,UNIVERSIDADE FEDERAL DO PARANÁ,DIREITO
Celso Fernandes Campilongo,Fabio Henrique Falcone Garcia,2013,Dissertação,PONTIFÍCIA UNIVERSIDADE CATÓLICA DE SÃO PAULO,DIREITO
Ela Wiecko Volkmer de Castilho,Thais Dumet Faria,2013,Tese,UNIVERSIDADE DE BRASÍLIA,DIREITO
Samuel Rodrigues Barbosa,Danilo Panzeri Carlotti,2013,Dissertação,UNIVERSIDADE DE SÃO PAULO,DIREITO
Paulo Borba Casella,Arthur Roberto Capella Giannattasio,2013,Tese,UNIVERSIDADE DE SÃO PAULO,DIREITO
Jose Reinaldo de Lima Lopes,Almir Teubl Sanches,2013,Tese,UNIVERSIDADE DE SÃO PAULO,DIREITO
Hélcio Maciel França Madeira,Felipe Epprecht Douverny,2013,Dissertação,UNIVERSIDADE DE SÃO PAULO,DIREITO
Samuel Rodrigues Barbosa,Virginia Juliane Adami Paulino,2013,Dissertação,UNIVERSIDADE DE SÃO PAULO,DIREITO
Samuel Rodrigues Barbosa,Marcos Untura Neto,2013,Dissertação,UNIVERSIDADE DE SÃO PAULO,DIREITO
Jose Reinaldo de Lima Lopes,Rafael Issa Obeid,2013,Dissertação,UNIVERSIDADE DE SÃO PAULO,DIREITO
Miracy Barbosa de Sousa Gustin,Marilia Souza Diniz Alves,2013,Dissertação,UNIVERSIDADE FEDERAL DE MINAS GERAIS,DIREITO
Joao Mauricio Leitao Adeodato,Helena Maria Ramos de Mendonca,2013,Tese,UNIVERSIDADE FEDERAL DE PERNAMBUCO,DIREITO
Torquato da Silva Castro Junior,Venceslau Tavares Costa Filho,2013,Tese,UNIVERSIDADE FEDERAL DE PERNAMBUCO,DIREITO
Airton Lisle Cerqueira Leite Seelaender,Adailton Pires Costa,2013,Dissertação,UNIVERSIDADE FEDERAL DE SANTA CATARINA,DIREITO
Airton Lisle Cerqueira Leite Seelaender,Nildo Inacio,2013,Dissertação,UNIVERSIDADE FEDERAL DE SANTA CATARINA,DIREITO
Airton Lisle Cerqueira Leite Seelaender,Laila Maia Galvao,2013,Dissertação,UNIVERSIDADE FEDERAL DE SANTA CATARINA,DIREITO
Ricardo Marcelo Fonseca,Juliano Rodriguez Torres,2013,Dissertação,UNIVERSIDADE FEDERAL DO PARANÁ,DIREITO
Luís Fernando Lopes Pereira,Ivan Furmann,2013,Tese,UNIVERSIDADE FEDERAL DO PARANÁ,DIREITO
Luís Fernando Lopes Pereira,Thiago de Azevedo Pinheiro Hoshino,2013,Dissertação,UNIVERSIDADE FEDERAL DO PARANÁ,DIREITO
Cezar Saldanha Souza Junior,Wagner Silveira Feloniuk,2013,Dissertação,UNIVERSIDADE FEDERAL DO RIO GRANDE DO SUL,DIREITO
Alfredo de Jesus Dal Molin Flores,Marcos Pascotto Palermo,2013,Dissertação,UNIVERSIDADE FEDERAL DO RIO GRANDE DO SUL,DIREITO
Cezar Saldanha Souza Junior,Jose Correa de Melo,2013,Dissertação,UNIVERSIDADE FEDERAL DO RIO GRANDE DO SUL,DIREITO
Alysson Leandro Barbate Mascaro,Jonathan Erik Von Erkert,2013,Dissertação,UNIVERSIDADE PRESBITERIANA MACKENZIE,DIREITO POLÍTICO E ECONÔMICO
Cristiano Otavio Paixão Araujo Pinto,Fernando Henrique Lopes Honorato,2014,Dissertação,UNIVERSIDADE DE BRASÍLIA,DIREITO
George Rodrigo Bandeira Galindo,Marcelo Casseb Continentino,2014,Tese,UNIVERSIDADE DE BRASÍLIA,DIREITO
Samuel Rodrigues Barbosa,Gabriela Lima Ramenzoni,2014,Dissertação,UNIVERSIDADE DE SÃO PAULO,DIREITO
Manoel Goncalves Ferreira Filho,Carlos Eduardo Dieder Reverbel,2014,Tese,UNIVERSIDADE DE SÃO PAULO,DIREITO
Samuel Rodrigues Barbosa,Luiz Gustavo Vieira Santos,2014,Dissertação,UNIVERSIDADE DE SÃO PAULO,DIREITO
Samuel Rodrigues Barbosa,Mariana Armond Dias Paes,2014,Dissertação,UNIVERSIDADE DE SÃO PAULO,DIREITO
Fredie Souza Didier Junior,Marcus Seixas Souza,2014,Dissertação,UNIVERSIDADE FEDERAL DA BAHIA,DIREITO
Giordano Bruno Soares Roberto,Diogo Lima Trugilho,2014,Dissertação,UNIVERSIDADE FEDERAL DE MINAS GERAIS,DIREITO
Daniela de Freitas Marques,Rodrigo Dias Silveira,2014,Tese,UNIVERSIDADE FEDERAL DE MINAS GERAIS,DIREITO
Arno Dal Ri Júnior,Carolina Malagoli Krelling,2014,Dissertação,UNIVERSIDADE FEDERAL DE SANTA CATARINA,DIREITO
Antonio Carlos Wolkmer,Gabriela Barretto de Sa,2014,Dissertação,UNIVERSIDADE FEDERAL DE SANTA CATARINA,DIREITO
Airton Lisle Cerqueira Leite Seelaender,Athanis Molas Rodrigues,2014,Dissertação,UNIVERSIDADE FEDERAL DE SANTA CATARINA,DIREITO
Ricardo Marcelo Fonseca,Thiago Freitas Hansen,2014,Dissertação,UNIVERSIDADE FEDERAL DO PARANÁ,DIREITO
Alfredo de Jesus Dal Molin Flores,Grasiela de Souza Thomsen Giorgi,2014,Dissertação,UNIVERSIDADE FEDERAL DO RIO GRANDE DO SUL,DIREITO
Cezar Saldanha Souza Junior,Marcelo Pinho dos Santos,2014,Dissertação,UNIVERSIDADE FEDERAL DO RIO GRANDE DO SUL,DIREITO
Alfredo de Jesus Dal Molin Flores,Bruna Casimiro Siciliani,2014,Dissertação,UNIVERSIDADE FEDERAL DO RIO GRANDE DO SUL,DIREITO
Felipe Chiarello de Souza Pinto,Aparecida Dinalli,2014,Tese,UNIVERSIDADE PRESBITERIANA MACKENZIE,DIREITO POLÍTICO E ECONÔMICO
Cristiano Otavio Paixão Araujo Pinto,Renato Bigliazzi,2015,Tese,UNIVERSIDADE DE BRASÍLIA,DIREITO
Gustavo Raposo Pereira Feitosa,Mariana Braga Sydriao de Alencar,2015,Dissertação,UNIVERSIDADE DE FORTALEZA,DIREITO CONSTITUCIONAL
Ari Possidonio Beltran,Sabrina Bowen Farhat Fernandes,2015,Dissertação,UNIVERSIDADE DE SÃO PAULO,DIREITO
Eduardo Tomasevicius Filho,Patricia Regina Mendes Mattos Correa Gomes,2015,Dissertação,UNIVERSIDADE DE SÃO PAULO,DIREITO
Gustavo Silveira Siqueira,Rodrigo Fernandes da Silva,2015,Dissertação,UNIVERSIDADE DO ESTADO DO RIO DE JANEIRO,DIREITO
Eduardo Ramalho Rabenhorst,Alana Lima de Oliveira,2015,Dissertação,UNIVERSIDADE FEDERAL DA PARAÍBA/JOÃO PESSOA,CIÊNCIAS JURÍDICAS
Monica Sette Lopes,Isabela de Andrade Pena Miranda Corby,2015,Dissertação,UNIVERSIDADE FEDERAL DE MINAS GERAIS,DIREITO
Marcelo Andrade Cattoni de Oliveira,Adamo Dias Alves,2015,Tese,UNIVERSIDADE FEDERAL DE MINAS GERAIS,DIREITO
Torquato da Silva Castro Junior,Laila Iafah Goes Barreto,2015,Dissertação,UNIVERSIDADE FEDERAL DE PERNAMBUCO,DIREITO
Alexandre Ronaldo da Maia de Farias,Hugo Leonardo Rodrigues Santos,2015,Tese,UNIVERSIDADE FEDERAL DE PERNAMBUCO,DIREITO
Arno Dal Ri Júnior,Airton Ribeiro da Silva Junior,2015,Dissertação,UNIVERSIDADE FEDERAL DE SANTA CATARINA,DIREITO
Wilson Ramos Filho,Nasser Ahmad Allan,2015,Tese,UNIVERSIDADE FEDERAL DO PARANÁ,DIREITO
Luís Fernando Lopes Pereira,Luize Stoeterau Navarro,2015,Dissertação,UNIVERSIDADE FEDERAL DO PARANÁ,DIREITO
Ricardo Marcelo Fonseca,Sonia Regina Martins de Oliveira,2015,Tese,UNIVERSIDADE FEDERAL DO PARANÁ,DIREITO
Ricardo Marcelo Fonseca,Rebeca Fernandes Dias,2015,Tese,UNIVERSIDADE FEDERAL DO PARANÁ,DIREITO
Alfredo de Jesus Dal Molin Flores,Leticia Pereira Pimenta,2015,Dissertação,UNIVERSIDADE FEDERAL DO RIO GRANDE DO SUL,DIREITO
Christian Edward Cyril Lynch,Carlos Gustavo Vianna Direito,2015,Tese,UNIVERSIDADE VEIGA DE ALMEIDA,DIREITO
Bethania de Albuquerque Assy,Rafael Barros Vieira,2016,Tese,PONTIFÍCIA UNIVERSIDADE CATÓLICA DO RIO DE JANEIRO,DIREITO
Marcelo da Costa Pinto Neves,Nathaly Jose Mancilla Ordenes,2016,Dissertação,UNIVERSIDADE DE BRASÍLIA,DIREITO
Cristiano Otavio Paixão Araujo Pinto,Rafael Lamera Giesta Cabral,2016,Tese,UNIVERSIDADE DE BRASÍLIA,DIREITO
Francisco Paulo de Crescenzo Marino,Osny da Silva Filho,2016,Dissertação,UNIVERSIDADE DE SÃO PAULO,DIREITO
Luis Fernando Massonetto,Guilherme Ricken,2016,Dissertação,UNIVERSIDADE DE SÃO PAULO,DIREITO
Jose Maria Arruda de Andrade,Mario Andre Machado Cabral,2016,Dissertação,UNIVERSIDADE DE SÃO PAULO,DIREITO
Samuel Rodrigues Barbosa,Thais Pinhata de Souza,2016,Dissertação,UNIVERSIDADE DE SÃO PAULO,DIREITO
Jose Eduardo Campos de Oliveira Faria,Ester Gammardella Rizzi,2016,Tese,UNIVERSIDADE DE SÃO PAULO,DIREITO
Paulo Emílio Vauthier Borges de Macedo,Rafael Zelesco Barretto,2016,Tese,UNIVERSIDADE DO ESTADO DO RIO DE JANEIRO,DIREITO
Davi de Paiva Costa Tangerino,Joao Guilherme Leal Roorda,2016,Dissertação,UNIVERSIDADE DO ESTADO DO RIO DE JANEIRO,DIREITO
Sergio Luiz Souza Araujo,Ludmila Correa Dutra,2016,Dissertação,UNIVERSIDADE FEDERAL DE MINAS GERAIS,DIREITO
Marcelo Andrade Cattoni de Oliveira,David Francisco Lopes Gomes,2016,Tese,UNIVERSIDADE FEDERAL DE MINAS GERAIS,DIREITO
Andityas Soares de Moura Costa Matos,Pryscilla Gomes Matias,2016,Dissertação,UNIVERSIDADE FEDERAL DE MINAS GERAIS,DIREITO
Marcelo Maciel Ramos,Rafael Machado da Rocha,2016,Dissertação,UNIVERSIDADE FEDERAL DE MINAS GERAIS,DIREITO
Daniela Muradas Antunes,Victor Hugo Criscuolo Boson,2016,Dissertação,UNIVERSIDADE FEDERAL DE MINAS GERAIS,DIREITO
Arno Dal Ri Júnior,Raquel Razente Sirotti,2016,Dissertação,UNIVERSIDADE FEDERAL DE SANTA CATARINA,DIREITO
Airton Lisle Cerqueira Leite Seelaender,Rose Dayanne Santos de Brito,2016,Dissertação,UNIVERSIDADE FEDERAL DE SANTA CATARINA,DIREITO
Vera Regina Pereira de Andrade,Marcelo Mayora Alves,2016,Tese,UNIVERSIDADE FEDERAL DE SANTA CATARINA,DIREITO
Luís Fernando Lopes Pereira,Vanessa Caroline Massuchetto,2016,Dissertação,UNIVERSIDADE FEDERAL DO PARANÁ,DIREITO
Luís Fernando Lopes Pereira,Danielle Regina Wobeto de Araújo,2016,Tese,UNIVERSIDADE FEDERAL DO PARANÁ,DIREITO
Raffaele de Giorgi,Natasha Pereira Silva,2016,Dissertação,UNIVERSIDADE FEDERAL DO RIO DE JANEIRO,DIREITO
Alfredo de Jesus Dal Molin Flores,Gustavo Castagna Machado,2016,Tese,UNIVERSIDADE FEDERAL DO RIO GRANDE DO SUL,DIREITO
Alfredo de Jesus Dal Molin Flores,Kenny Sontag,2016,Dissertação,UNIVERSIDADE FEDERAL DO RIO GRANDE DO SUL,DIREITO
Antonio Henrique Graciano Suxberger,Fabio Luis Furrier,2017,Dissertação,CENTRO UNIVERSITÁRIO DE BRASÍLIA,DIREITO
Paulo Jorge Fonseca Ferreira da Cunha,Josue Ricardo Menossi de Freitas,2017,Dissertação,FACULDADE AUTÔNOMA DE DIREITO,FUNÇÃO SOCIAL DO DIREITO
Jose Maria Gomez,Aline Caldeira Lopes,2017,Tese,PONTIFÍCIA UNIVERSIDADE CATÓLICA DO RIO DE JANEIRO,DIREITO
Maiquel Angelo Dezordi Wermuth,Clarissa Mertz,2017,Dissertação,UNIV. REGIONAL DO NOROESTE DO ESTADO DO RIO GRANDE DO SUL,DIREITOS HUMANOS
Alexandre Bernardino Costa,Wladimyr Vinycius de Moraes Camargos,2017,Tese,UNIVERSIDADE DE BRASÍLIA,DIREITO
Ela Wiecko Volkmer de Castilho,Luana Menezes Lira,2017,Dissertação,UNIVERSIDADE DE BRASÍLIA,DIREITOS HUMANOS E CIDADANIA
Evandro Charles Piza Duarte,Marcos Vinicius Lustosa Queiroz,2017,Dissertação,UNIVERSIDADE DE BRASÍLIA,DIREITO
Cristiano Otavio Paixão Araujo Pinto,Laila Maia Galvao,2017,Tese,UNIVERSIDADE DE BRASÍLIA,DIREITO
Cristiano Otavio Paixão Araujo Pinto,Raphael Peixoto de Paula Marques,2017,Tese,UNIVERSIDADE DE BRASÍLIA,DIREITO
Airton Lisle Cerqueira Leite Seelaender,Bruno Rodrigues de Lima,2017,Dissertação,UNIVERSIDADE DE BRASÍLIA,DIREITO
Cristiano Otavio Paixão Araujo Pinto,Ana Carolina Couto Pereira Pinto Barbosa,2017,Dissertação,UNIVERSIDADE DE BRASÍLIA,DIREITO
Geraldo Miniuci Ferreira Junior,Alberto Lunardelli Caldeira,2017,Dissertação,UNIVERSIDADE DE SÃO PAULO,DIREITO
Flavio Roberto Batista,Almiro Eduardo de Almeida,2017,Tese,UNIVERSIDADE DE SÃO PAULO,DIREITO
Marcus Orione Goncalves Correia,Tairo Batista Esperanca,2017,Dissertação,UNIVERSIDADE DE SÃO PAULO,DIREITO
Eduardo Tomasevicius Filho,Viviane Alves de Morais,2017,Tese,UNIVERSIDADE DE SÃO PAULO,DIREITO
Nilo Batista,Marco Alexandre de Souza Serra,2017,Tese,UNIVERSIDADE DO ESTADO DO RIO DE JANEIRO,DIREITO
Gustavo Silveira Siqueira,Taisa Regina Rodrigues,2017,Dissertação,UNIVERSIDADE DO ESTADO DO RIO DE JANEIRO,DIREITO
Carlos Eduardo de Abreu Boucault,Gabriel Frias Araujo,2017,Dissertação,UNIVERSIDADE ESTADUAL PAULISTA JÚLIO DE MESQUITA FILHO ( FRANCA ),DIREITO
Bartira Macedo de Miranda Santos,Fernanda Martins Albuquerque,2017,Dissertação,UNIVERSIDADE FEDERAL DE GOIÁS,DIREITO AGRÁRIO
Elcemir Paco Cunha,Fabiana de Melo Secco,2017,Dissertação,UNIVERSIDADE FEDERAL DE JUIZ DE FORA,DIREITO E INOVAÇÃO
Ricardo Sontag,Joao Paulo Mansur,2017,Dissertação,UNIVERSIDADE FEDERAL DE MINAS GERAIS,DIREITO
Giordano Bruno Soares Roberto,Felipe Quintella Machado de Carvalho,2017,Tese,UNIVERSIDADE FEDERAL DE MINAS GERAIS,DIREITO
Sergio Luiz Souza Araujo,Margareth de Abreu Rosa,2017,Tese,UNIVERSIDADE FEDERAL DE MINAS GERAIS,DIREITO
Sergio Luiz Souza Araujo,Evania Franca Soares,2017,Dissertação,UNIVERSIDADE FEDERAL DE MINAS GERAIS,DIREITO
Jeanine Nicolazzi Philippi,Rodrigo Alessandro Sartoti,2017,Dissertação,UNIVERSIDADE FEDERAL DE SANTA CATARINA,DIREITO
Luís Fernando Lopes Pereira,Diego Braga Serpa,2017,Dissertação,UNIVERSIDADE FEDERAL DO PARANÁ,DIREITO
Luís Fernando Lopes Pereira,Rafael Juliao Evangelista,2017,Dissertação,UNIVERSIDADE FEDERAL DO PARANÁ,DIREITO
Alfredo de Jesus Dal Molin Flores,Stephani Fleck da Rosa,2017,Dissertação,UNIVERSIDADE FEDERAL DO RIO GRANDE DO SUL,DIREITO
Walter Guandalini Junior,Andressa Garcia Dal Bosco Dall Agnol,2018,Dissertação,CENTRO UNIVERSITÁRIO INTERNACIONAL,DIREITO
Antonio Manuel Botelho Hespanha,Bernardo Pinhon Bechtlufft,2018,Dissertação,CENTRO UNIVERSITÁRIO INTERNACIONAL,DIREITO
Andre Peixoto de Souza,Marta Regina Savi,2018,Dissertação,CENTRO UNIVERSITÁRIO INTERNACIONAL,DIREITO
Alvaro Luiz Travassos de Azevedo Gonzaga,Rafael Tubone Magdaleno,2018,Dissertação,PONTIFÍCIA UNIVERSIDADE CATÓLICA DE SÃO PAULO,DIREITO
Bethania de Albuquerque Assy,Eduardo Baker Valls Pereira,2018,Tese,PONTIFÍCIA UNIVERSIDADE CATÓLICA DO RIO DE JANEIRO,DIREITO
Cristiano Otavio Paixão Araujo Pinto,Juan de Assis Almeida,2018,Dissertação,UNIVERSIDADE DE BRASÍLIA,DIREITOS HUMANOS E CIDADANIA
Jose Eduardo Campos de Oliveira Faria,Luciana Silva Reis,2018,Tese,UNIVERSIDADE DE SÃO PAULO,DIREITO
Maria Cristina da Silva Carmignani,Daniel Nogueira Chignoli,2018,Dissertação,UNIVERSIDADE DE SÃO PAULO,DIREITO
Mara Regina de Oliveira,Guilherme Grane Diniz,2018,Dissertação,UNIVERSIDADE DE SÃO PAULO,DIREITO
Jose Reinaldo de Lima Lopes,Ariel Engel Pesso,2018,Dissertação,UNIVERSIDADE DE SÃO PAULO,DIREITO
Jose Eduardo Campos de Oliveira Faria,Mariana Giorgetti Valente,2018,Tese,UNIVERSIDADE DE SÃO PAULO,DIREITO
Lenio Luiz Streck,Danilo Pereira Lima,2018,Tese,UNIVERSIDADE DO VALE DO RIO DOS SINOS,DIREITO
Eduardo Manuel Val,Marco Aurelio Peri Guedes,2018,Tese,UNIVERSIDADE ESTÁCIO DE SÁ,DIREITO
Jose Aurivaldo Sacchetta Ramos Mendes,Gabriela Batista Pires Ramos,2018,Dissertação,UNIVERSIDADE FEDERAL DA BAHIA,DIREITO
Jose Aurivaldo Sacchetta Ramos Mendes,Alexsandro Pitanga Moraes,2018,Dissertação,UNIVERSIDADE FEDERAL DA BAHIA,DIREITO
Karine Salgado,Igor Moraes Santos,2018,Dissertação,UNIVERSIDADE FEDERAL DE MINAS GERAIS,DIREITO
José Luiz Borges Horta,Renan Victor Boy Bacelar,2018,Dissertação,UNIVERSIDADE FEDERAL DE MINAS GERAIS,DIREITO
Jeanine Nicolazzi Philippi,Adailton Pires Costa,2018,Tese,UNIVERSIDADE FEDERAL DE SANTA CATARINA,DIREITO
Diego Nunes,Gabriel Faustino Santos,2018,Dissertação,UNIVERSIDADE FEDERAL DE UBERLÂNDIA,DIREITO
Gustavo Cesar Machado Cabral,Rafael Vieira de Alencar,2018,Dissertação,UNIVERSIDADE FEDERAL DO CEARÁ,DIREITO
Glauco Barreira Magalhaes Filho,Bianca Berdine Martins Mendes,2018,Dissertação,UNIVERSIDADE FEDERAL DO CEARÁ,DIREITO
Ricardo Marcelo Fonseca,Thiago Freitas Hansen,2018,Tese,UNIVERSIDADE FEDERAL DO PARANÁ,DIREITO
Ricardo Marcelo Fonseca,Karolyne Mendes Mendonca Moreira,2018,Dissertação,UNIVERSIDADE FEDERAL DO PARANÁ,DIREITO
Ricardo Marcelo Fonseca,Raul Ferreira Belucio Nogueira,2018,Dissertação,UNIVERSIDADE FEDERAL DO PARANÁ,DIREITO
Clara Maria Roman Borges,Gabrielle Stricker do Valle,2018,Dissertação,UNIVERSIDADE FEDERAL DO PARANÁ,DIREITO
Sayonara Grillo Coutinho Leonardo da Silva,Thiago Patricio Gondim,2018,Dissertação,UNIVERSIDADE FEDERAL DO RIO DE JANEIRO,DIREITO
Alfredo de Jesus Dal Molin Flores,Pedro Prazeres Fraga Pereira,2018,Dissertação,UNIVERSIDADE FEDERAL DO RIO GRANDE DO SUL,DIREITO
Alfredo de Jesus Dal Molin Flores,Marcos Aurelio Dusso,2018,Tese,UNIVERSIDADE FEDERAL DO RIO GRANDE DO SUL,DIREITO
Andre Karam Trindade,Guilherme Goncalves Alcantara,2019,Dissertação,CENTRO UNIVERSITÁRIO FG,DIREITO
Walter Guandalini Junior,Vanessa Fernanda Fransozi,2019,Dissertação,CENTRO UNIVERSITÁRIO INTERNACIONAL,DIREITO
Bruno Wanderley Junior,Andre Vicente Leite de Freitas,2019,Tese,PONTIFÍCIA UNIVERSIDADE CATÓLICA DE MINAS GERAIS,DIREITO
Andre Parmo Folloni,Claudia Maria Borges Costa Pinto,2019,Tese,PONTIFÍCIA UNIVERSIDADE CATÓLICA DO PARANÁ,DIREITO
Mauricio de Albuquerque Rocha,Felipe Jardim Lucas,2019,Tese,PONTIFÍCIA UNIVERSIDADE CATÓLICA DO RIO DE JANEIRO,DIREITO
George Rodrigo Bandeira Galindo,Andre Melo Gomes Pereira,2019,Tese,UNIVERSIDADE DE BRASÍLIA,DIREITO
Cristiano Otavio Paixão Araujo Pinto,Claudia Paiva Carvalho,2019,Tese,UNIVERSIDADE DE BRASÍLIA,DIREITO
Airton Lisle Cerqueira Leite Seelaender,Patricia Soster Bortolotto,2019,Dissertação,UNIVERSIDADE DE BRASÍLIA,DIREITO
Ari Marcelo Solon,Leonardo Passinato e Silva,2019,Tese,UNIVERSIDADE DE SÃO PAULO,DIREITO
Eduardo Tomasevicius Filho,Patricia Regina Mendes Mattos Correa Gomes,2019,Tese,UNIVERSIDADE DE SÃO PAULO,DIREITO
Gustavo Silveira Siqueira,Julia de Souza Rodrigues,2019,Tese,UNIVERSIDADE DO ESTADO DO RIO DE JANEIRO,DIREITO
Nilo Batista,Guilherme Dutra Marinho Cabral,2019,Dissertação,UNIVERSIDADE DO ESTADO DO RIO DE JANEIRO,DIREITO
Anderson Vichinkeski Teixeira,Luis Rosenfield,2019,Tese,UNIVERSIDADE DO VALE DO RIO DOS SINOS,DIREITO
Ricardo Sontag,Arthur Barretto de Almeida Costa,2019,Dissertação,UNIVERSIDADE FEDERAL DE MINAS GERAIS,DIREITO
Venceslau Tavares Costa Filho,Adriana Lindaura Rocha Ferraz de Oliveira,2019,Dissertação,UNIVERSIDADE FEDERAL DE PERNAMBUCO,DIREITO
Rafael Peteffi da Silva,Gabriela Natacha Bechara,2019,Tese,UNIVERSIDADE FEDERAL DE SANTA CATARINA,DIREITO
Gustavo Cesar Machado Cabral,Afonso Roberto Mendes Belarmino,2019,Dissertação,UNIVERSIDADE FEDERAL DO CEARÁ,DIREITO
Gustavo Cesar Machado Cabral,Delmiro Ximenes de Farias,2019,Dissertação,UNIVERSIDADE FEDERAL DO CEARÁ,DIREITO
Luís Fernando Lopes Pereira,Otavio Augusto Ganzert Weinhardt,2019,Dissertação,UNIVERSIDADE FEDERAL DO PARANÁ,DIREITO
Luís Fernando Lopes Pereira,Juda Leao Lobo,2019,Tese,UNIVERSIDADE FEDERAL DO PARANÁ,DIREITO
Ricardo Marcelo Fonseca,Lais Mazzola Piletti,2019,Dissertação,UNIVERSIDADE FEDERAL DO PARANÁ,DIREITO
Liane Francisca Huning Pazinato,Vanessa dos Santos Moura,2019,Dissertação,UNIVERSIDADE FEDERAL DO RIO GRANDE,DIREITO E JUSTIÇA SOCIAL
Cassio Luis Casagrande,Karina Abreu Freire,2019,Dissertação,UNIVERSIDADE FEDERAL FLUMINENSE,DIREITO CONSTITUCIONAL
Mirta Gladys Lerena Manzo de Misailidis,Aldenir Francisco Wicher,2019,Dissertação,UNIVERSIDADE METODISTA DE PIRACICABA,DIREITO
Gilberto Bercovici,Fernanda Cristina Covolan,2019,Tese,UNIVERSIDADE PRESBITERIANA MACKENZIE,DIREITO POLÍTICO E ECONÔMICO
Oscar Vilhena Vieira,Ricardo Carrion Barbosa Alves,2020,Dissertação,ESCOLA DE DIREITO DE SÃO PAULO,DIREITO
Ana Elisa Spaolonzi Queiroz Assis,Bruna Monique Machado Simoes,2020,Dissertação,FACULDADE DE DIREITO DO SUL DE MINAS,DIREITO
Valquiria Elita Renk,Julia Aliot da Costa Ilkiu,2020,Dissertação,PONTIFÍCIA UNIVERSIDADE CATÓLICA DO PARANÁ,DIREITOS HUMANOS E POLÍTICAS PÚBLICAS
Evandro Charles Piza Duarte,Gabriela Barretto de Sa,2020,Tese,UNIVERSIDADE DE BRASÍLIA,DIREITO
Menelick de Carvalho Netto,Rafael Casais Neto,2020,Dissertação,UNIVERSIDADE DE BRASÍLIA,DIREITO
Juliano Zaiden Benvindo,Jose Nunes de Cerqueira Neto,2020,Tese,UNIVERSIDADE DE BRASÍLIA,DIREITO
Jorge Luiz Souto Maior,Jose Carlos de Carvalho Baboin,2020,Tese,UNIVERSIDADE DE SÃO PAULO,DIREITO
Hélcio Maciel França Madeira,Marlio Aguiar,2020,Tese,UNIVERSIDADE DE SÃO PAULO,DIREITO
Ana Elisa Liberatore Silva Bechara,Marina Lima Ferreira,2020,Dissertação,UNIVERSIDADE DE SÃO PAULO,DIREITO
Ari Marcelo Solon,Fernando Perez da Cunha Lima,2020,Dissertação,UNIVERSIDADE DE SÃO PAULO,DIREITO
Gilberto Bercovici,Walter Marquezan Augusto,2020,Tese,UNIVERSIDADE DE SÃO PAULO,DIREITO
Jorge Luiz Souto Maior,Patricia Maeda,2020,Tese,UNIVERSIDADE DE SÃO PAULO,DIREITO
Mara Regina de Oliveira,Bruno Lincoln Ramalho Paes,2020,Dissertação,UNIVERSIDADE DE SÃO PAULO,DIREITO
Ignácio Maria Poveda Velasco,Norton Thome Zardo,2020,Dissertação,UNIVERSIDADE DE SÃO PAULO,DIREITO
Vera Malaguti de Souza Weglinski Batista,Pedro Zanella Caus,2020,Dissertação,UNIVERSIDADE DO ESTADO DO RIO DE JANEIRO,DIREITO
Jane Reis Goncalves Pereira,Gabriel Lima Marques,2020,Tese,UNIVERSIDADE DO ESTADO DO RIO DE JANEIRO,DIREITO
Ricardo Nery Falbo,Wanderson Pimenta Souza,2020,Dissertação,UNIVERSIDADE DO ESTADO DO RIO DE JANEIRO,DIREITO
Fábio Correa Souza de Oliveira,Vitor Tadeu Carramao Mello,2020,Tese,UNIVERSIDADE ESTÁCIO DE SÁ,DIREITO
Bernardo Goncalves Alfredo Fernandes,Mauricio Sullivan Balhe Guedes,2020,Dissertação,UNIVERSIDADE FEDERAL DE MINAS GERAIS,DIREITO
José Luiz Borges Horta,Joao Batista Miguel,2020,Dissertação,UNIVERSIDADE FEDERAL DE MINAS GERAIS,DIREITO
Diego Nunes,Barbara Madruga da Cunha,2020,Dissertação,UNIVERSIDADE FEDERAL DE SANTA CATARINA,DIREITO
Diego Nunes,Mayessa Haendchen Costa,2020,Dissertação,UNIVERSIDADE FEDERAL DE SANTA CATARINA,DIREITO
Maria Vital da Rocha,Victor Alves Magalhaes,2020,Dissertação,UNIVERSIDADE FEDERAL DO CEARÁ,DIREITO
Adriana Pereira Campos,Fernando Ribeiro da Silva Carvalho,2020,Dissertação,UNIVERSIDADE FEDERAL DO ESPÍRITO SANTO,DIREITO PROCESSUAL
Sérgio Said Staut Junior,Rennan Klingelfus Gardoni,2020,Dissertação,UNIVERSIDADE FEDERAL DO PARANÁ,DIREITO
Fabio Perin Shecaira,Roberta Celli Moreira de Araujo,2020,Dissertação,UNIVERSIDADE FEDERAL DO RIO DE JANEIRO,DIREITO
Alfredo de Jesus Dal Molin Flores,Henrique Montagner Fernandes,2020,Tese,UNIVERSIDADE FEDERAL DO RIO GRANDE DO SUL,DIREITO
Marcelo Casseb Continentino,Vitoria Larissa Dantas de Morais,2020,Dissertação,UNIVERSIDADE FEDERAL RURAL DO SEMI-ÁRIDO,DIREITO
Walter Guandalini Junior,Jean Carlos Martins Rodrigues,2021,Dissertação,CENTRO UNIVERSITÁRIO INTERNACIONAL,DIREITO
Walter Guandalini Junior,Josiane Lorena Peters,2021,Dissertação,CENTRO UNIVERSITÁRIO INTERNACIONAL,DIREITO
Andre Filipe Pereira Reid dos Santos,Lucas Melo Borges de Souza,2021,Tese,FACULDADE DE DIREITO DE VITORIA,DIREITO
Cicero Krupp da Luz,Bibiana de Paiva Francisco Beraldo Borges de Sant Ana Terra,2021,Dissertação,FACULDADE DE DIREITO DO SUL DE MINAS,DIREITO
Karyna Batista Sposato,Danilo dos Santos Rabelo,2021,Dissertação,FUNDAÇÃO UNIVERSIDADE FEDERAL DE SERGIPE,DIREITO
Marcio Alves da Fonseca,Ricardo Cesar Franco,2021,Dissertação,PONTIFÍCIA UNIVERSIDADE CATÓLICA DE SÃO PAULO,DIREITO
Valquiria Elita Renk,Rivaldo Dionizio Candido,2021,Dissertação,PONTIFÍCIA UNIVERSIDADE CATÓLICA DO PARANÁ,DIREITOS HUMANOS E POLÍTICAS PÚBLICAS
Alexander Rodrigues de Castro,Cristian Rodrigues Tenorio,2021,Dissertação,UNIVERSIDADE CESUMAR,CIÊNCIAS JURÍDICAS
George Rodrigo Bandeira Galindo,Gabriella Coelho Santos,2021,Dissertação,UNIVERSIDADE DE BRASÍLIA,DIREITO
Jose Reinaldo de Lima Lopes,Gustavo Angelelli,2021,Tese,UNIVERSIDADE DE SÃO PAULO,DIREITO
Jose Ricardo Ferreira Cunha,Luis Henrique Braga Madalena,2021,Tese,UNIVERSIDADE DO ESTADO DO RIO DE JANEIRO,DIREITO
Gustavo Silveira Siqueira,Paulo Victor Viana Franca,2021,Dissertação,UNIVERSIDADE DO ESTADO DO RIO DE JANEIRO,DIREITO
Livia Mendes Moreira Miraglia,Marianna Gomes Silva Lopes,2021,Dissertação,UNIVERSIDADE FEDERAL DE MINAS GERAIS,DIREITO
Ricardo Sontag,Anna Clara Lehmann Martins,2021,Tese,UNIVERSIDADE FEDERAL DE MINAS GERAIS,DIREITO
Karine Salgado,Raul Salvador Blasi Veyl,2021,Dissertação,UNIVERSIDADE FEDERAL DE MINAS GERAIS,DIREITO
Michel Zaidan Filho,Julia Carla Duarte Cavalcante,2021,Dissertação,UNIVERSIDADE FEDERAL DE PERNAMBUCO,DIREITO
Caetano Dias Correa,Ana Luiza de Oliveira Alphonse,2021,Dissertação,UNIVERSIDADE FEDERAL DE SANTA CATARINA,DIREITO
Diego Nunes,Mario Davi Barbosa,2021,Dissertação,UNIVERSIDADE FEDERAL DE SANTA CATARINA,DIREITO
Caetano Dias Correa,Andrey Jose Taffner Fraga,2021,Dissertação,UNIVERSIDADE FEDERAL DE SANTA CATARINA,DIREITO
Arno Dal Ri Júnior,Julia Farah Scholz,2021,Dissertação,UNIVERSIDADE FEDERAL DE SANTA CATARINA,DIREITO
Gustavo Cesar Machado Cabral,Claudio Alcantara Meireles Junior,2021,Tese,UNIVERSIDADE FEDERAL DO CEARÁ,DIREITO
Gustavo Cesar Machado Cabral,Ana Luiza Barroso Caracas de Castro,2021,Dissertação,UNIVERSIDADE FEDERAL DO CEARÁ,DIREITO
Luís Fernando Lopes Pereira,Vanessa Caroline Massuchetto,2021,Tese,UNIVERSIDADE FEDERAL DO PARANÁ,DIREITO
Jane Felipe Beltrao,Bianca Monteiro Porto da Cunha Ferreira,2021,Dissertação,UNIVERSIDADE FEDERAL DO PARÁ,DIREITO
Alfredo de Jesus Dal Molin Flores,Alexandre Soares da Silva,2021,Tese,UNIVERSIDADE FEDERAL DO RIO GRANDE DO SUL,DIREITO
Alfredo de Jesus Dal Molin Flores,Fernanda de Castro Teixeira,2021,Dissertação,UNIVERSIDADE FEDERAL DO RIO GRANDE DO SUL,DIREITO
Rafael Lamera Giesta Cabral,Danillo Lima da Silva,2021,Dissertação,UNIVERSIDADE FEDERAL RURAL DO SEMI-ÁRIDO,DIREITO
Rafael Lazzarotto Simioni,Matheus de Toledo Dalecio,2022,Dissertação,FACULDADE DE DIREITO DO SUL DE MINAS,DIREITO
Alvaro Ricardo de Souza Cruz,Guilherme Scodeler de Souza Barreiro,2022,Tese,PONTIFÍCIA UNIVERSIDADE CATÓLICA DE MINAS GERAIS,DIREITO
Florian Fabian Hoffmann,Lidiana Medeiros Furtado Alves,2022,Dissertação,PONTIFÍCIA UNIVERSIDADE CATÓLICA DO RIO DE JANEIRO,DIREITO
Adriano Pilatti,Reinaldo Silva Cintra,2022,Tese,PONTIFÍCIA UNIVERSIDADE CATÓLICA DO RIO DE JANEIRO,DIREITO
Francisco de Guimaraens,Bruna Portella de Novaes,2022,Tese,PONTIFÍCIA UNIVERSIDADE CATÓLICA DO RIO DE JANEIRO,DIREITO
Adriano Pilatti,Tiago da Silva Cicilio,2022,Dissertação,PONTIFÍCIA UNIVERSIDADE CATÓLICA DO RIO DE JANEIRO,DIREITO
Marilia Montenegro Pessoa de Mello,Helena Rocha Coutinho de Castro,2022,Tese,UNIVERSIDADE CATÓLICA DE PERNAMBUCO,DIREITO
Douglas Antonio Rocha Pinheiro,Natalia Soares Batista,2022,Dissertação,UNIVERSIDADE DE BRASÍLIA,DIREITO
Cristiano Otavio Paixão Araujo Pinto,Mateus do Prado Utzig,2022,Tese,UNIVERSIDADE DE BRASÍLIA,DIREITO
Juliano Zaiden Benvindo,Joao Paulo Santos Araujo,2022,Tese,UNIVERSIDADE DE BRASÍLIA,DIREITO
Airton Lisle Cerqueira Leite Seelaender,Gustavo Zatelli Correa,2022,Tese,UNIVERSIDADE DE BRASÍLIA,DIREITO
Evandro Charles Piza Duarte,Marcos Vinicius Lustosa Queiroz,2022,Tese,UNIVERSIDADE DE BRASÍLIA,DIREITO
Ela Wiecko Volkmer de Castilho,Joanderson Gomes de Almeida,2022,Dissertação,UNIVERSIDADE DE BRASÍLIA,DIREITO
Andre de Carvalho Ramos,Raquel da Cruz Lima,2022,Tese,UNIVERSIDADE DE SÃO PAULO,DIREITO
Eunice Aparecida de Jesus Prudente,Douglas da Veiga Nascimento,2022,Tese,UNIVERSIDADE DE SÃO PAULO,DIREITO
Samuel Rodrigues Barbosa,Paulo Henrique Rodrigues Pereira,2022,Tese,UNIVERSIDADE DE SÃO PAULO,DIREITO
Paulo Emílio Vauthier Borges de Macedo,Matheus Farinhas de Oliveira,2022,Tese,UNIVERSIDADE DO ESTADO DO RIO DE JANEIRO,DIREITO
Daniela Muradas Antunes,Ana Luisa Mendes Martins,2022,Dissertação,UNIVERSIDADE FEDERAL DE MINAS GERAIS,DIREITO
Adamo Dias Alves,Allysson Eduardo Botelho de Oliveira,2022,Dissertação,UNIVERSIDADE FEDERAL DE MINAS GERAIS,DIREITO
Ricardo Sontag,Regis Joao Nodari,2022,Tese,UNIVERSIDADE FEDERAL DE MINAS GERAIS,DIREITO
Diego Nunes,Marja Mangili Laurindo,2022,Tese,UNIVERSIDADE FEDERAL DE SANTA CATARINA,DIREITO
Diego Nunes,Carlos Cesar Rodrigues,2022,Dissertação,UNIVERSIDADE FEDERAL DE SANTA CATARINA,DIREITO
Leticia Albuquerque,Camila Damasceno de Andrade,2022,Tese,UNIVERSIDADE FEDERAL DE SANTA CATARINA,DIREITO
Adriana Pereira Campos,Anna Luiza Sartorio Bacellar,2022,Dissertação,UNIVERSIDADE FEDERAL DO ESPÍRITO SANTO,DIREITO PROCESSUAL
Ricardo Marcelo Fonseca,Michael Dionisio de Souza,2022,Tese,UNIVERSIDADE FEDERAL DO PARANÁ,DIREITO
Ricardo Marcelo Fonseca,Rafael Vieira de Alencar,2022,Tese,UNIVERSIDADE FEDERAL DO PARANÁ,DIREITO
Sayonara Grillo Coutinho Leonardo da Silva,Luana Angelo Leal de Oliveira,2022,Dissertação,UNIVERSIDADE FEDERAL DO RIO DE JANEIRO,DIREITO
Juliana Neuenschwander Magalhaes,Romulo Filizzola Nogueira,2022,Tese,UNIVERSIDADE FEDERAL DO RIO DE JANEIRO,DIREITO
Alfredo de Jesus Dal Molin Flores,Ralfe Oliveira Romero,2022,Tese,UNIVERSIDADE FEDERAL DO RIO GRANDE DO SUL,DIREITO
Alfredo de Jesus Dal Molin Flores,Ana Helena Karnas Hoefel Pamplona,2022,Tese,UNIVERSIDADE FEDERAL DO RIO GRANDE DO SUL,DIREITO
Alfredo de Jesus Dal Molin Flores,Gregorio Schroder Sliwka,2022,Dissertação,UNIVERSIDADE FEDERAL DO RIO GRANDE DO SUL,DIREITO
Marcus Fabiano Goncalves da Silva,Regina de Paiva Alban,2022,Dissertação,UNIVERSIDADE FEDERAL FLUMINENSE,DIREITO CONSTITUCIONAL
Rafael Lamera Giesta Cabral,Fernando Afonso Marques de Melo,2022,Dissertação,UNIVERSIDADE FEDERAL RURAL DO SEMI-ÁRIDO,DIREITO
Rafael Lamera Giesta Cabral,Amanda Oliveira de Sousa,2022,Dissertação,UNIVERSIDADE FEDERAL RURAL DO SEMI-ÁRIDO,DIREITO
Marcelo Casseb Continentino,Jeferson Santos Teixeira da Silva,2022,Dissertação,UNIVERSIDADE FEDERAL RURAL DO SEMI-ÁRIDO,DIREITO
Raphael Peixoto de Paula Marques,Luis Eduardo Viana Fernandes,2022,Dissertação,UNIVERSIDADE FEDERAL RURAL DO SEMI-ÁRIDO,DIREITO
Orlando Villas Boas Filho,Marcelo Pezzolo Farina,2022,Dissertação,UNIVERSIDADE PRESBITERIANA MACKENZIE,DIREITO POLÍTICO E ECONÔMICO
Arno Wehling,Rafael Alves da Silva,2022,Dissertação,UNIVERSIDADE VEIGA DE ALMEIDA,DIREITO
Arnaldo Sampaio de Moraes Godoy,Sergio Ricardo de Freitas Cruz,2023,Tese,CENTRO UNIVERSITÁRIO DE BRASÍLIA,DIREITO
Sandro Alex de Souza Simões,Alessandra da Gama Malcher Godinho,2023,Dissertação,CENTRO UNIVERSITÁRIO DO ESTADO DO PARÁ,"DIREITO, POLÍTICAS PÚBLICAS E DESENVOLVIMENTO REGIONAL"
Walter Guandalini Junior,Adriana Nogueira Barbosa,2023,Dissertação,CENTRO UNIVERSITÁRIO INTERNACIONAL,DIREITO
Walter Guandalini Junior,Ana Paula de Oliveira,2023,Dissertação,CENTRO UNIVERSITÁRIO INTERNACIONAL,DIREITO
Mauricio de Albuquerque Rocha,Maria Cecilia Lessa da Rocha,2023,Tese,PONTIFÍCIA UNIVERSIDADE CATÓLICA DO RIO DE JANEIRO,DIREITO
Daniel Machado Gomes,Fabio Pereira,2023,Dissertação,UNIVERSIDADE CATOLICA DE PETROPOLIS,DIREITO
Alexander Rodrigues de Castro,Isabela Furlan Rigolin,2023,Dissertação,UNIVERSIDADE CESUMAR,CIÊNCIAS JURÍDICAS
Airton Lisle Cerqueira Leite Seelaender,Bruno Arthur Hochheim,2023,Tese,UNIVERSIDADE DE BRASÍLIA,DIREITO
Maria Pia dos Santos Lima Guerra Dalledone,Ed Willian Fuloni Carvalho,2023,Dissertação,UNIVERSIDADE DE BRASÍLIA,DIREITO
Jose Reinaldo de Lima Lopes,Ariel Engel Pesso,2023,Tese,UNIVERSIDADE DE SÃO PAULO,DIREITO
Maria Cristina da Silva Carmignani,Gabriel Garcia Ribeiro de Arruda,2023,Dissertação,UNIVERSIDADE DE SÃO PAULO,DIREITO
Eduardo Tomasevicius Filho,Daniel Lago Rodrigues,2023,Tese,UNIVERSIDADE DE SÃO PAULO,DIREITO
Mara Regina de Oliveira,Rafael Tubone Magdaleno,2023,Tese,UNIVERSIDADE DE SÃO PAULO,DIREITO
Paulo Eduardo Vieira de Oliveira,Marcele Carine dos Praseres Soares,2023,Tese,UNIVERSIDADE DE SÃO PAULO,DIREITO
Cynthia Soares Carneiro,Silvio Cesar Pasquini Oranges,2023,Dissertação,UNIVERSIDADE DE SÃO PAULO ( RIBEIRÃO PRETO ),DIREITO
Gustavo Silveira Siqueira,Milena Valle Rodrigues,2023,Dissertação,UNIVERSIDADE DO ESTADO DO RIO DE JANEIRO,DIREITO
Marco Aurelio Marrafon,Taisa Regina Rodrigues,2023,Tese,UNIVERSIDADE DO ESTADO DO RIO DE JANEIRO,DIREITO
Gustavo Silveira Siqueira,Raphaela Abud Neves,2023,Dissertação,UNIVERSIDADE DO ESTADO DO RIO DE JANEIRO,DIREITO
Lenio Luiz Streck,Victor Bianchini Rebelo,2023,Dissertação,UNIVERSIDADE DO VALE DO RIO DOS SINOS,DIREITO
Jaime Barreiros Neto,Andre Luiz Batista Neves,2023,Tese,UNIVERSIDADE FEDERAL DA BAHIA,DIREITO
Jose Ernesto Pimentel Filho,Sergio Pessoa Ferro,2023,Tese,UNIVERSIDADE FEDERAL DA PARAÍBA ( JOÃO PESSOA ),CIÊNCIAS JURÍDICAS
Giordano Bruno Soares Roberto,Thais Fernanda Tenorio Seco,2023,Tese,UNIVERSIDADE FEDERAL DE MINAS GERAIS,DIREITO
Ricardo Sontag,Arley Fernandes Teixeira,2023,Dissertação,UNIVERSIDADE FEDERAL DE MINAS GERAIS,DIREITO
Karine Salgado,Maria Laura Tolentino Marques Gontijo Couto,2023,Dissertação,UNIVERSIDADE FEDERAL DE MINAS GERAIS,DIREITO
Daniela Muradas Antunes,Thiago Crisostomo Cruz Reis,2023,Dissertação,UNIVERSIDADE FEDERAL DE MINAS GERAIS,DIREITO
Ricardo Sontag,Joao Paulo Mansur,2023,Tese,UNIVERSIDADE FEDERAL DE MINAS GERAIS,DIREITO
Gustavo Seferian Scheffer Machado,Otavio Lopes de Souza,2023,Dissertação,UNIVERSIDADE FEDERAL DE MINAS GERAIS,DIREITO
Diego Nunes,Bruna Santiago Franchini,2023,Dissertação,UNIVERSIDADE FEDERAL DE SANTA CATARINA,DIREITO
Caetano Dias Correa,Ana Paula Zappellini Sassi,2023,Dissertação,UNIVERSIDADE FEDERAL DE SANTA CATARINA,DIREITO
Adriana Pereira Campos,Paula Fernanda Monteiro,2023,Dissertação,UNIVERSIDADE FEDERAL DO ESPÍRITO SANTO,DIREITO PROCESSUAL
Ricardo Marcelo Fonseca,Gabriela Back Lombardi,2023,Dissertação,UNIVERSIDADE FEDERAL DO PARANÁ,DIREITO
Jose Heder Benatti,Ana Luisa Santos Rocha,2023,Tese,UNIVERSIDADE FEDERAL DO PARÁ,DIREITO
Alfredo de Jesus Dal Molin Flores,Estefano Elias Risso,2023,Dissertação,UNIVERSIDADE FEDERAL DO RIO GRANDE DO SUL,DIREITO
Alfredo de Jesus Dal Molin Flores,Nathalia Kosinski Rodrigues,2023,Dissertação,UNIVERSIDADE FEDERAL DO RIO GRANDE DO SUL,DIREITO
Monica Paraguassu Correia da Silva,Jan Marcel Paschoal Mertens,2023,Dissertação,UNIVERSIDADE FEDERAL FLUMINENSE,DIREITO CONSTITUCIONAL
Rafael Lamera Giesta Cabral,Jose Sarto Fulgencio de Lima Filho,2023,Dissertação,UNIVERSIDADE FEDERAL RURAL DO SEMI-ÁRIDO,DIREITO
Raphael Peixoto de Paula Marques,Carolina Rosado de Sousa Costa,2023,Dissertação,UNIVERSIDADE FEDERAL RURAL DO SEMI-ÁRIDO,DIREITO
Raphael Peixoto de Paula Marques,Grasielle Fernanda Freire Cabral,2023,Dissertação,UNIVERSIDADE FEDERAL RURAL DO SEMI-ÁRIDO,DIREITO
Walter Guandalini Junior,Philipe Augusto Micaloski Kowalski,2024,Dissertação,CENTRO UNIVERSITÁRIO INTERNACIONAL,DIREITO
Mauricio Dalri Timm do Valle,Josue Almeida do Nascimento,2024,Dissertação,UNIVERSIDADE CATÓLICA DE BRASÍLIA,DIREITO
Fabio Roque da Silva Araujo,Gabriel Antonio Pereira Santos,2024,Dissertação,UNIVERSIDADE CATÓLICA DO SALVADOR,DIREITO
Menelick de Carvalho Netto,Mateus Rocha Tomaz,2024,Tese,UNIVERSIDADE DE BRASÍLIA,DIREITO
Evandro Charles Piza Duarte,Vitor Alessandro Veiga Salazar,2024,Dissertação,UNIVERSIDADE DE BRASÍLIA,DIREITO
Cristiano Otavio Paixão Araujo Pinto,Rafael Bernardes Lucca,2024,Dissertação,UNIVERSIDADE DE BRASÍLIA,DIREITO
Airton Lisle Cerqueira Leite Seelaender,Joanir Fernando Rigo,2024,Tese,UNIVERSIDADE DE BRASÍLIA,DIREITO
Menelick de Carvalho Netto,Mariana de Saboya Furtado,2024,Dissertação,UNIVERSIDADE DE BRASÍLIA,DIREITOS HUMANOS E CIDADANIA
Camila Cardoso de Mello Prando,Fernanda Lima da Silva,2024,Tese,UNIVERSIDADE DE BRASÍLIA,DIREITO
Cristiano Otavio Paixão Araujo Pinto,Maria Celina Monteiro Gordilho,2024,Tese,UNIVERSIDADE DE BRASÍLIA,DIREITO
Argemiro Cardoso Moreira Martins,Jean Patricio da Silva,2024,Tese,UNIVERSIDADE DE BRASÍLIA,DIREITO
George Rodrigo Bandeira Galindo,Patricia Ramos Barros,2024,Tese,UNIVERSIDADE DE BRASÍLIA,DIREITO
Menelick de Carvalho Netto,Mauro Almeida Noleto,2024,Tese,UNIVERSIDADE DE BRASÍLIA,DIREITOS HUMANOS E CIDADANIA
Cristiano Otavio Paixão Araujo Pinto,Manoel Batista do Prado Junior,2024,Tese,UNIVERSIDADE DE BRASÍLIA,DIREITO
Wellington Lourenco de Almeida,Bruna Boa Pereira de Souza,2024,Dissertação,UNIVERSIDADE DE BRASÍLIA,DIREITOS HUMANOS E CIDADANIA
Marcelo da Costa Pinto Neves,Bruno Rodrigues de Lima,2024,Tese,UNIVERSIDADE DE BRASÍLIA,DIREITO
Martonio Mont Alverne Barreto Lima,Thais Araujo Dias,2024,Tese,UNIVERSIDADE DE FORTALEZA,DIREITO CONSTITUCIONAL
Camila Villard Duran,Matheus Henrique Bonin Cangussu,2024,Dissertação,UNIVERSIDADE DE SÃO PAULO,DIREITO
Samuel Rodrigues Barbosa,Rodrigo Dantas Valverde,2024,Dissertação,UNIVERSIDADE DE SÃO PAULO,DIREITO
Samuel Rodrigues Barbosa,Otavio Augusto Ganzert Weinhardt,2024,Tese,UNIVERSIDADE DE SÃO PAULO,DIREITO
Jorge Luiz Souto Maior,Gabriella Souza Cruz,2024,Dissertação,UNIVERSIDADE DE SÃO PAULO,DIREITO
Alessandra Rapacci Mascarenhas Prado,Vanessa Nunes Lopes,2024,Dissertação,UNIVERSIDADE FEDERAL DA BAHIA,DIREITO
Joaquim Carlos Salgado,Laura Gandra Laudares Fonseca,2024,Dissertação,UNIVERSIDADE FEDERAL DE MINAS GERAIS,DIREITO
Diego Nunes,Laura Rodrigues Hermando,2024,Dissertação,UNIVERSIDADE FEDERAL DE SANTA CATARINA,DIREITO
Diego Nunes,Pietra Lima Inacio,2024,Dissertação,UNIVERSIDADE FEDERAL DE SANTA CATARINA,DIREITO
Diego Nunes,Barbara Madruga da Cunha,2024,Tese,UNIVERSIDADE FEDERAL DE SANTA CATARINA,DIREITO
Diego Nunes,Vanilda Honoria dos Santos,2024,Tese,UNIVERSIDADE FEDERAL DE SANTA CATARINA,DIREITO
Gustavo Cesar Machado Cabral,Jose Valente Neto,2024,Tese,UNIVERSIDADE FEDERAL DO CEARÁ,DIREITO
Ricardo Marcelo Fonseca,Raul Ferreira Belucio Nogueira,2024,Tese,UNIVERSIDADE FEDERAL DO PARANÁ,DIREITO
Ricardo Marcelo Fonseca,Alif Ronaldo Soares Domingues,2024,Dissertação,UNIVERSIDADE FEDERAL DO PARANÁ,DIREITO
Luís Fernando Lopes Pereira,Rita Cristina de Oliveira,2024,Dissertação,UNIVERSIDADE FEDERAL DO PARANÁ,DIREITO
Jean Francois Yves Deluchey,Romario Edson da Silva Rebelo,2024,Tese,UNIVERSIDADE FEDERAL DO PARÁ,DIREITO
Ricardo Antonio Lucas Camargo,Eduardo Moraes Bestetti,2024,Tese,UNIVERSIDADE FEDERAL DO RIO GRANDE DO SUL,DIREITO
Rafael Lamera Giesta Cabral,Henrique Ferreira Duarte,2024,Dissertação,UNIVERSIDADE FEDERAL RURAL DO SEMI-ÁRIDO,DIREITO
Raphael Peixoto de Paula Marques,Micael Jonathan Rosa da Costa,2024,Dissertação,UNIVERSIDADE FEDERAL RURAL DO SEMI-ÁRIDO,DIREITO
Pedro Buck Avelino,Leonardo Delatorre Leite,2024,Dissertação,UNIVERSIDADE PRESBITERIANA MACKENZIE,DIREITO POLÍTICO E ECONÔMICO
Maiquel Angelo Dezordi Wermuth,Micheli Pilau de Oliveira,2024,Dissertação,UNIVERSIDADE REGIONAL DO NOROESTE DO ESTADO DO RIO GRANDE DO SUL,DIREITOS HUMANOS
